company,year,quarter,earnings
Adidas,2012,1,"289,000,000.00"
Adidas,2012,2,"165,000,000.00"
Adidas,2012,3,"344,000,000.00"
Adidas,2012,4,"-272,000,000.00"
Adidas,2013,1,"308,000,000.00"
Adidas,2013,2,"172,000,000.00"
Adidas,2013,3,"316,000,000.00"
Adidas,2013,4,"-9,000,000.00"
Adidas,2014,1,"204,000,000.00"
Adidas,2014,2,"144,000,000.00"
Adidas,2014,3,"282,000,000.00"
Adidas,2014,4,"-140,000,000.00"
Adidas,2015,1,"221,000,000.00"
Adidas,2015,2,"146,000,000.00"
Adidas,2015,3,"311,000,000.00"
Adidas,2015,4,"-44,000,000.00"
Adidas,2016,1,"351,000,000.00"
Adidas,2016,2,"291,000,000.00"
Adidas,2016,3,"386,000,000.00"
Adidas,2016,4,"-11,000,000.00"
Adidas,2017,1,"455,000,000.00"
Adidas,2017,2,"158,000,000.00"
Adidas,2017,3,"526,000,000.00"
Adidas,2017,4,"-42,000,000.00"
BASF,2012,1,"1,724,000,000.00"
BASF,2012,2,"1,229,000,000.00"
BASF,2012,3,"946,000,000.00"
BASF,2012,4,"980,000,000.00"
BASF,2013,1,"1,446,000,000.00"
BASF,2013,2,"1,157,000,000.00"
BASF,2013,3,"1,096,000,000.00"
BASF,2013,4,"1,143,000,000.00"
BASF,2014,1,"1,477,000,000.00"
BASF,2014,2,"1,299,000,000.00"
BASF,2014,3,"1,043,000,000.00"
BASF,2014,4,"1,336,000,000.00"
BASF,2015,1,"1,174,000,000.00"
BASF,2015,2,"1,265,000,000.00"
BASF,2015,3,"1,209,000,000.00"
BASF,2015,4,"339,000,000.00"
BASF,2016,1,"1,387,000,000.00"
BASF,2016,2,"1,092,000,000.00"
BASF,2016,3,"888,000,000.00"
BASF,2016,4,"689,000,000.00"
BASF,2017,1,"1,709,000,000.00"
BASF,2017,2,"1,496,000,000.00"
BASF,2017,3,"1,336,000,000.00"
BASF,2017,4,"1,537,000,000.00"
Bayer,2012,1,"1,050,000,000.00"
Bayer,2012,2,"494,000,000.00"
Bayer,2012,3,"528,000,000.00"
Bayer,2012,4,"374,000,000.00"
Bayer,2013,1,"1,160,000,000.00"
Bayer,2013,2,"841,000,000.00"
Bayer,2013,3,"733,000,000.00"
Bayer,2013,4,"455,000,000.00"
Bayer,2014,1,"1,423,000,000.00"
Bayer,2014,2,"953,000,000.00"
Bayer,2014,3,"826,000,000.00"
Bayer,2014,4,"224,000,000.00"
Bayer,2015,1,"1,303,000,000.00"
Bayer,2015,2,"1,152,000,000.00"
Bayer,2015,3,"999,000,000.00"
Bayer,2015,4,"656,000,000.00"
Bayer,2016,1,"1,472,000,000.00"
Bayer,2016,2,"1,325,000,000.00"
Bayer,2016,3,"1,187,000,000.00"
Bayer,2016,4,"547,000,000.00"
Bayer,2017,1,"2,083,000,000.00"
Bayer,2017,2,"1,224,000,000.00"
Bayer,2017,3,"3,881,000,000.00"
Bayer,2017,4,"148,000,000.00"
BMW St,2012,1,"1,342,000,000.00"
BMW St,2012,2,"1,274,000,000.00"
BMW St,2012,3,"1,280,000,000.00"
BMW St,2012,4,"1,200,000,000.00"
BMW St,2013,1,"1,307,000,000.00"
BMW St,2013,2,"1,386,000,000.00"
BMW St,2013,3,"1,321,000,000.00"
BMW St,2013,4,"1,300,000,000.00"
BMW St,2014,1,"1,458,000,000.00"
BMW St,2014,2,"1,765,000,000.00"
BMW St,2014,3,"1,307,000,000.00"
BMW St,2014,4,"1,268,000,000.00"
BMW St,2015,1,"1,512,000,000.00"
BMW St,2015,2,"1,743,000,000.00"
BMW St,2015,3,"1,572,000,000.00"
BMW St,2015,4,"1,542,000,000.00"
BMW St,2016,1,"1,631,000,000.00"
BMW St,2016,2,"1,941,000,000.00"
BMW St,2016,3,"1,806,000,000.00"
BMW St,2016,4,"1,485,000,000.00"
BMW St,2017,1,"2,139,000,000.00"
BMW St,2017,2,"2,194,000,000.00"
BMW St,2017,3,"1,760,000,000.00"
BMW St,2017,4,"2,527,000,000.00"
Commerzbank,2012,1,"369,000,000.00"
Commerzbank,2012,2,"275,000,000.00"
Commerzbank,2012,3,"78,000,000.00"
Commerzbank,2012,4,"-716,000,000.00"
Commerzbank,2013,1,"-94,000,000.00"
Commerzbank,2013,2,"43,000,000.00"
Commerzbank,2013,3,"77,000,000.00"
Commerzbank,2013,4,"52,000,000.00"
Commerzbank,2014,1,"200,000,000.00"
Commerzbank,2014,2,"100,000,000.00"
Commerzbank,2014,3,"225,000,000.00"
Commerzbank,2014,4,"-261,000,000.00"
Commerzbank,2015,1,"366,000,000.00"
Commerzbank,2015,2,"280,000,000.00"
Commerzbank,2015,3,"207,000,000.00"
Commerzbank,2015,4,"209,000,000.00"
Commerzbank,2016,1,"163,000,000.00"
Commerzbank,2016,2,"209,000,000.00"
Commerzbank,2016,3,"-288,000,000.00"
Commerzbank,2016,4,"195,000,000.00"
Commerzbank,2017,1,"217,000,000.00"
Commerzbank,2017,2,"-637,000,000.00"
Commerzbank,2017,3,"472,000,000.00"
Commerzbank,2017,4,"104,000,000.00"
Continental,2012,1,"482,900,000.00"
Continental,2012,2,"520,100,000.00"
Continental,2012,3,"449,000,000.00"
Continental,2012,4,"432,000,000.00"
Continental,2013,1,"441,200,000.00"
Continental,2013,2,"700,800,000.00"
Continental,2013,3,"434,000,000.00"
Continental,2013,4,"347,000,000.00"
Continental,2014,1,"588,300,000.00"
Continental,2014,2,"715,700,000.00"
Continental,2014,3,"495,000,000.00"
Continental,2014,4,"576,000,000.00"
Continental,2015,1,"656,700,000.00"
Continental,2015,2,"792,300,000.00"
Continental,2015,3,"635,000,000.00"
Continental,2015,4,"643,000,000.00"
Continental,2016,1,"733,900,000.00"
Continental,2016,2,"905,100,000.00"
Continental,2016,3,"378,000,000.00"
Continental,2016,4,"786,000,000.00"
Continental,2017,1,"749,600,000.00"
Continental,2017,2,"745,400,000.00"
Continental,2017,3,"729,000,000.00"
Continental,2017,4,"761,000,000.00"
Daimler,2012,1,"1,338,000,000.00"
Daimler,2012,2,"1,427,000,000.00"
Daimler,2012,3,"1,103,000,000.00"
Daimler,2012,4,"2,227,000,000.00"
Daimler,2013,1,"536,000,000.00"
Daimler,2013,2,"2,834,000,000.00"
Daimler,2013,3,"1,836,000,000.00"
Daimler,2013,4,"1,636,000,000.00"
Daimler,2014,1,"1,027,000,000.00"
Daimler,2014,2,"2,104,000,000.00"
Daimler,2014,3,"2,735,000,000.00"
Daimler,2014,4,"1,096,000,000.00"
Daimler,2015,1,"1,963,000,000.00"
Daimler,2015,2,"2,269,000,000.00"
Daimler,2015,3,"2,385,000,000.00"
Daimler,2015,4,"1,807,000,000.00"
Daimler,2016,1,"1,353,000,000.00"
Daimler,2016,2,"2,429,000,000.00"
Daimler,2016,3,"2,595,000,000.00"
Daimler,2016,4,"2,149,000,000.00"
Daimler,2017,1,"2,706,000,000.00"
Daimler,2017,2,"2,439,000,000.00"
Daimler,2017,3,"2,177,000,000.00"
Daimler,2017,4,"3,203,000,000.00"
Deutsche Bank,2012,1,"1,381,000,000.00"
Deutsche Bank,2012,2,"650,000,000.00"
Deutsche Bank,2012,3,"747,000,000.00"
Deutsche Bank,2012,4,"-2,541,000,000.00"
Deutsche Bank,2013,1,"1,651,000,000.00"
Deutsche Bank,2013,2,"334,000,000.00"
Deutsche Bank,2013,3,"41,000,000.00"
Deutsche Bank,2013,4,"-1,360,000,000.00"
Deutsche Bank,2014,1,"1,083,000,000.00"
Deutsche Bank,2014,2,"237,000,000.00"
Deutsche Bank,2014,3,"-94,000,000.00"
Deutsche Bank,2014,4,"437,000,000.00"
Deutsche Bank,2015,1,"544,000,000.00"
Deutsche Bank,2015,2,"796,000,000.00"
Deutsche Bank,2015,3,"-6,013,000,000.00"
Deutsche Bank,2015,4,"-2,121,000,000.00"
Deutsche Bank,2016,1,"214,000,000.00"
Deutsche Bank,2016,2,"18,000,000.00"
Deutsche Bank,2016,3,"256,000,000.00"
Deutsche Bank,2016,4,"-1,890,000,000.00"
Deutsche Bank,2017,1,"571,100,000.00"
Deutsche Bank,2017,2,"446,900,000.00"
Deutsche Bank,2017,3,"647,000,000.00"
Deutsche Bank,2017,4,"-2,416,000,000.00"
Deutsche Boerse,2012,1,"146,200,000.00"
Deutsche Boerse,2012,2,"186,200,000.00"
Deutsche Boerse,2012,3,"159,900,000.00"
Deutsche Boerse,2012,4,"152,700,000.00"
Deutsche Boerse,2013,1,"121,200,000.00"
Deutsche Boerse,2013,2,"171,000,000.00"
Deutsche Boerse,2013,3,"61,600,000.00"
Deutsche Boerse,2013,4,"124,600,000.00"
Deutsche Boerse,2014,1,"219,000,000.00"
Deutsche Boerse,2014,2,"159,300,000.00"
Deutsche Boerse,2014,3,"160,000,000.00"
Deutsche Boerse,2014,4,"224,000,000.00"
Deutsche Boerse,2015,1,"222,300,000.00"
Deutsche Boerse,2015,2,"175,100,000.00"
Deutsche Boerse,2015,3,"166,100,000.00"
Deutsche Boerse,2015,4,"102,000,000.00"
Deutsche Boerse,2016,1,"205,400,000.00"
Deutsche Boerse,2016,2,"183,500,000.00"
Deutsche Boerse,2016,3,"150,600,000.00"
Deutsche Boerse,2016,4,"182,600,000.00"
Deutsche Boerse,2017,1,"280,100,000.00"
Deutsche Boerse,2017,2,"176,300,000.00"
Deutsche Boerse,2017,3,"204,300,000.00"
Deutsche Boerse,2017,4,"213,600,000.00"
Deutsche Post,2012,1,"533,000,000.00"
Deutsche Post,2012,2,"201,000,000.00"
Deutsche Post,2012,3,"382,000,000.00"
Deutsche Post,2012,4,"542,000,000.00"
Deutsche Post,2013,1,"498,000,000.00"
Deutsche Post,2013,2,"422,000,000.00"
Deutsche Post,2013,3,"399,000,000.00"
Deutsche Post,2013,4,"772,000,000.00"
Deutsche Post,2014,1,"502,000,000.00"
Deutsche Post,2014,2,"461,000,000.00"
Deutsche Post,2014,3,"468,000,000.00"
Deutsche Post,2014,4,"640,000,000.00"
Deutsche Post,2015,1,"495,000,000.00"
Deutsche Post,2015,2,"326,000,000.00"
Deutsche Post,2015,3,"49,000,000.00"
Deutsche Post,2015,4,"670,000,000.00"
Deutsche Post,2016,1,"639,000,000.00"
Deutsche Post,2016,2,"541,000,000.00"
Deutsche Post,2016,3,"618,000,000.00"
Deutsche Post,2016,4,"841,000,000.00"
Deutsche Post,2017,1,"633,000,000.00"
Deutsche Post,2017,2,"602,000,000.00"
Deutsche Post,2017,3,"641,000,000.00"
Deutsche Post,2017,4,"837,000,000.00"
Deutsche Telekom,2012,1,"238,000,000.00"
Deutsche Telekom,2012,2,"614,000,000.00"
Deutsche Telekom,2012,3,"-6,900,000,000.00"
Deutsche Telekom,2012,4,"793,000,000.00"
Deutsche Telekom,2013,1,"564,000,000.00"
Deutsche Telekom,2013,2,"530,000,000.00"
Deutsche Telekom,2013,3,"588,000,000.00"
Deutsche Telekom,2013,4,"-752,000,000.00"
Deutsche Telekom,2014,1,"1,817,000,000.00"
Deutsche Telekom,2014,2,"711,000,000.00"
Deutsche Telekom,2014,3,"506,000,000.00"
Deutsche Telekom,2014,4,"-110,000,000.00"
Deutsche Telekom,2015,1,"787,000,000.00"
Deutsche Telekom,2015,2,"712,000,000.00"
Deutsche Telekom,2015,3,"809,000,000.00"
Deutsche Telekom,2015,4,"946,000,000.00"
Deutsche Telekom,2016,1,"3,125,000,000.00"
Deutsche Telekom,2016,2,"621,000,000.00"
Deutsche Telekom,2016,3,"1,053,000,000.00"
Deutsche Telekom,2016,4,"-2,124,000,000.00"
Deutsche Telekom,2017,1,"747,000,000.00"
Deutsche Telekom,2017,2,"874,000,000.00"
Deutsche Telekom,2017,3,"507,000,000.00"
Deutsche Telekom,2017,4,"1,333,000,000.00"
EON,2012,1,"1,719,000,000.00"
EON,2012,2,"1,187,000,000.00"
EON,2012,3,"-179,000,000.00"
EON,2012,4,"-510,000,000.00"
EON,2013,1,"2,150,000,000.00"
EON,2013,2,"919,000,000.00"
EON,2013,3,"-456,000,000.00"
EON,2013,4,"-471,000,000.00"
EON,2014,1,"762,000,000.00"
EON,2014,2,"59,000,000.00"
EON,2014,3,"-835,000,000.00"
EON,2014,4,"-3,146,000,000.00"
EON,2015,1,"1,059,000,000.00"
EON,2015,2,"90,000,000.00"
EON,2015,3,"-7,250,000,000.00"
EON,2015,4,"-898,000,000.00"
EON,2016,1,"1,170,000,000.00"
EON,2016,2,"-4,204,000,000.00"
EON,2016,3,"-914,000,000.00"
EON,2016,4,"-4,502,000,000.00"
EON,2017,1,"628,000,000.00"
EON,2017,2,"3,244,000,000.00"
EON,2017,3,"-166,000,000.00"
EON,2017,4,"219,000,000.00"
Fresenius,2012,1,"230,000,000.00"
Fresenius,2012,2,"212,000,000.00"
Fresenius,2012,3,"243,000,000.00"
Fresenius,2012,4,"241,000,000.00"
Fresenius,2013,1,"219,000,000.00"
Fresenius,2013,2,"243,000,000.00"
Fresenius,2013,3,"265,000,000.00"
Fresenius,2013,4,"284,000,000.00"
Fresenius,2014,1,"248,000,000.00"
Fresenius,2014,2,"286,000,000.00"
Fresenius,2014,3,"276,000,000.00"
Fresenius,2014,4,"257,000,000.00"
Fresenius,2015,1,"317,000,000.00"
Fresenius,2015,2,"325,000,000.00"
Fresenius,2015,3,"357,000,000.00"
Fresenius,2015,4,"359,000,000.00"
Fresenius,2016,1,"358,000,000.00"
Fresenius,2016,2,"397,000,000.00"
Fresenius,2016,3,"399,000,000.00"
Fresenius,2016,4,"439,000,000.00"
Fresenius,2017,1,"457,000,000.00"
Fresenius,2017,2,"450,000,000.00"
Fresenius,2017,3,"396,000,000.00"
Fresenius,2017,4,"511,000,000.00"
Fresenius Medical Care,2012,1,"345,100,000.00"
Fresenius Medical Care,2012,2,"269,500,000.00"
Fresenius Medical Care,2012,3,"251,400,000.00"
Fresenius Medical Care,2012,4,"240,000,000.00"
Fresenius Medical Care,2013,1,"210,000,000.00"
Fresenius Medical Care,2013,2,"244,500,000.00"
Fresenius Medical Care,2013,3,"254,300,000.00"
Fresenius Medical Care,2013,4,"325,200,000.00"
Fresenius Medical Care,2014,1,"191,400,000.00"
Fresenius Medical Care,2014,2,"217,600,000.00"
Fresenius Medical Care,2014,3,"252,200,000.00"
Fresenius Medical Care,2014,4,"312,500,000.00"
Fresenius Medical Care,2015,1,"195,100,000.00"
Fresenius Medical Care,2015,2,"224,300,000.00"
Fresenius Medical Care,2015,3,"244,300,000.00"
Fresenius Medical Care,2015,4,"295,200,000.00"
Fresenius Medical Care,2016,1,"212,400,000.00"
Fresenius Medical Care,2016,2,"273,900,000.00"
Fresenius Medical Care,2016,3,"310,400,000.00"
Fresenius Medical Care,2016,4,"361,300,000.00"
Fresenius Medical Care,2017,1,"308,200,000.00"
Fresenius Medical Care,2017,2,"268,700,000.00"
Fresenius Medical Care,2017,3,"309,300,000.00"
Fresenius Medical Care,2017,4,"393,800,000.00"
HeidelbergCement,2012,1,"-203,800,000.00"
HeidelbergCement,2012,2,"184,100,000.00"
HeidelbergCement,2012,3,"258,900,000.00"
HeidelbergCement,2012,4,"62,000,000.00"
HeidelbergCement,2013,1,"-234,900,000.00"
HeidelbergCement,2013,2,"409,900,000.00"
HeidelbergCement,2013,3,"579,800,000.00"
HeidelbergCement,2013,4,"-9,400,000.00"
HeidelbergCement,2014,1,"-146,500,000.00"
HeidelbergCement,2014,2,"233,400,000.00"
HeidelbergCement,2014,3,"367,500,000.00"
HeidelbergCement,2014,4,"31,300,000.00"
HeidelbergCement,2015,1,"-123,100,000.00"
HeidelbergCement,2015,2,"271,500,000.00"
HeidelbergCement,2015,3,"479,400,000.00"
HeidelbergCement,2015,4,"172,300,000.00"
HeidelbergCement,2016,1,"-72,000,000.00"
HeidelbergCement,2016,2,"318,300,000.00"
HeidelbergCement,2016,3,"339,200,000.00"
HeidelbergCement,2016,4,"120,700,000.00"
HeidelbergCement,2017,1,"-70,400,000.00"
HeidelbergCement,2017,2,"357,900,000.00"
HeidelbergCement,2017,3,"480,700,000.00"
HeidelbergCement,2017,4,"149,500,000.00"
Henkel vz,2012,1,"369,000,000.00"
Henkel vz,2012,2,"401,000,000.00"
Henkel vz,2012,3,"397,000,000.00"
Henkel vz,2012,4,"343,000,000.00"
Henkel vz,2013,1,"393,000,000.00"
Henkel vz,2013,2,"418,000,000.00"
Henkel vz,2013,3,"458,000,000.00"
Henkel vz,2013,4,"320,000,000.00"
Henkel vz,2014,1,"449,000,000.00"
Henkel vz,2014,2,"441,000,000.00"
Henkel vz,2014,3,"440,000,000.00"
Henkel vz,2014,4,"298,000,000.00"
Henkel vz,2015,1,"470,000,000.00"
Henkel vz,2015,2,"521,000,000.00"
Henkel vz,2015,3,"484,000,000.00"
Henkel vz,2015,4,"446,000,000.00"
Henkel vz,2016,1,"525,000,000.00"
Henkel vz,2016,2,"561,000,000.00"
Henkel vz,2016,3,"576,000,000.00"
Henkel vz,2016,4,"391,000,000.00"
Henkel vz,2017,1,"597,000,000.00"
Henkel vz,2017,2,"624,000,000.00"
Henkel vz,2017,3,"564,000,000.00"
Henkel vz,2017,4,"734,000,000.00"
Infineon,2012,1,"96,000,000.00"
Infineon,2012,2,"111,000,000.00"
Infineon,2012,3,"82,000,000.00"
Infineon,2012,4,"138,000,000.00"
Infineon,2013,1,"19,000,000.00"
Infineon,2013,2,"33,000,000.00"
Infineon,2013,3,"77,000,000.00"
Infineon,2013,4,"143,000,000.00"
Infineon,2014,1,"87,000,000.00"
Infineon,2014,2,"124,000,000.00"
Infineon,2014,3,"143,000,000.00"
Infineon,2014,4,"181,000,000.00"
Infineon,2015,1,"136,000,000.00"
Infineon,2015,2,"68,000,000.00"
Infineon,2015,3,"109,000,000.00"
Infineon,2015,4,"319,000,000.00"
Infineon,2016,1,"153,000,000.00"
Infineon,2016,2,"180,000,000.00"
Infineon,2016,3,"186,000,000.00"
Infineon,2016,4,"225,000,000.00"
Infineon,2017,1,"161,000,000.00"
Infineon,2017,2,"199,000,000.00"
Infineon,2017,3,"253,000,000.00"
Infineon,2017,4,"177,000,000.00"
Linde,2012,1,"287,000,000.00"
Linde,2012,2,"304,000,000.00"
Linde,2012,3,"313,000,000.00"
Linde,2012,4,"346,000,000.00"
Linde,2013,1,"318,000,000.00"
Linde,2013,2,"342,000,000.00"
Linde,2013,3,"337,000,000.00"
Linde,2013,4,"320,000,000.00"
Linde,2014,1,"290,000,000.00"
Linde,2014,2,"334,000,000.00"
Linde,2014,3,"194,000,000.00"
Linde,2014,4,"284,000,000.00"
Linde,2015,1,"300,000,000.00"
Linde,2015,2,"279,000,000.00"
Linde,2015,3,"281,000,000.00"
Linde,2015,4,"289,000,000.00"
Linde,2016,1,"306,000,000.00"
Linde,2016,2,"326,000,000.00"
Linde,2016,3,"313,000,000.00"
Linde,2016,4,"209,000,000.00"
Linde,2017,1,"317,000,000.00"
Linde,2017,2,"285,000,000.00"
Linde,2017,3,"277,000,000.00"
Linde,2017,4,"555,000,000.00"
Aareal Bank,2012,1,"26,000,000.00"
Aareal Bank,2012,2,"29,000,000.00"
Aareal Bank,2012,3,"27,000,000.00"
Aareal Bank,2012,4,"3,000,000.00"
Aareal Bank,2013,1,"27,000,000.00"
Aareal Bank,2013,2,"26,000,000.00"
Aareal Bank,2013,3,"28,000,000.00"
Aareal Bank,2013,4,"12,000,000.00"
Aareal Bank,2014,1,"190,000,000.00"
Aareal Bank,2014,2,"41,000,000.00"
Aareal Bank,2014,3,"41,000,000.00"
Aareal Bank,2014,4,"22,000,000.00"
Aareal Bank,2015,1,"40,000,000.00"
Aareal Bank,2015,2,"204,000,000.00"
Aareal Bank,2015,3,"51,000,000.00"
Aareal Bank,2015,4,"60,000,000.00"
Aareal Bank,2016,1,"55,000,000.00"
Aareal Bank,2016,2,"77,000,000.00"
Aareal Bank,2016,3,"46,000,000.00"
Aareal Bank,2016,4,"37,000,000.00"
Aareal Bank,2017,1,"42,000,000.00"
Aareal Bank,2017,2,"66,000,000.00"
Aareal Bank,2017,3,"51,000,000.00"
Aareal Bank,2017,4,"48,000,000.00"
Airbus,2012,1,"133,000,000.00"
Airbus,2012,2,"461,000,000.00"
Airbus,2012,3,"309,000,000.00"
Airbus,2012,4,"325,000,000.00"
Airbus,2013,1,"241,000,000.00"
Airbus,2013,2,"518,000,000.00"
Airbus,2013,3,"436,000,000.00"
Airbus,2013,4,"270,000,000.00"
Airbus,2014,1,"439,000,000.00"
Airbus,2014,2,"696,000,000.00"
Airbus,2014,3,"264,000,000.00"
Airbus,2014,4,"944,000,000.00"
Airbus,2015,1,"792,000,000.00"
Airbus,2015,2,"732,000,000.00"
Airbus,2015,3,"376,000,000.00"
Airbus,2015,4,"796,000,000.00"
Airbus,2016,1,"399,000,000.00"
Airbus,2016,2,"1,362,000,000.00"
Airbus,2016,3,"50,000,000.00"
Airbus,2016,4,"-816,000,000.00"
Airbus,2017,1,"608,000,000.00"
Airbus,2017,2,"894,000,000.00"
Airbus,2017,3,"348,000,000.00"
Airbus,2017,4,"1,023,000,000.00"
alstria office REIT,2012,1,"10,200,000.00"
alstria office REIT,2012,2,"11,500,000.00"
alstria office REIT,2012,3,"10,800,000.00"
alstria office REIT,2012,4,"7,400,000.00"
alstria office REIT,2013,1,"15,000,000.00"
alstria office REIT,2013,2,"14,000,000.00"
alstria office REIT,2013,3,"-4,900,000.00"
alstria office REIT,2013,4,"14,800,000.00"
alstria office REIT,2014,1,"4,000,000.00"
alstria office REIT,2014,2,"2,800,000.00"
alstria office REIT,2014,3,"12,200,000.00"
alstria office REIT,2014,4,"18,000,000.00"
alstria office REIT,2015,1,"-10,500,000.00"
alstria office REIT,2015,2,"25,600,000.00"
alstria office REIT,2015,3,"9,000,000.00"
alstria office REIT,2015,4,"-135,500,000.00"
alstria office REIT,2016,1,"14,600,000.00"
alstria office REIT,2016,2,"39,200,000.00"
alstria office REIT,2016,3,"25,300,000.00"
alstria office REIT,2016,4,"97,800,000.00"
alstria office REIT,2017,1,"30,900,000.00"
alstria office REIT,2017,2,"47,700,000.00"
alstria office REIT,2017,3,"33,100,000.00"
alstria office REIT,2017,4,"185,300,000.00"
Aurubis,2012,1,"135,500,000.00"
Aurubis,2012,2,"111,200,000.00"
Aurubis,2012,3,"32,500,000.00"
Aurubis,2012,4,"81,900,000.00"
Aurubis,2013,1,"9,600,000.00"
Aurubis,2013,2,"26,500,000.00"
Aurubis,2013,3,"-246,400,000.00"
Aurubis,2013,4,"56,400,000.00"
Aurubis,2014,1,"-52,500,000.00"
Aurubis,2014,2,"-34,600,000.00"
Aurubis,2014,3,"101,000,000.00"
Aurubis,2014,4,"28,700,000.00"
Aurubis,2015,1,"24,400,000.00"
Aurubis,2015,2,"105,700,000.00"
Aurubis,2015,3,"51,100,000.00"
Aurubis,2015,4,"-48,800,000.00"
Aurubis,2016,1,"-25,100,000.00"
Aurubis,2016,2,"54,000,000.00"
Aurubis,2016,3,"42,300,000.00"
Aurubis,2016,4,"50,700,000.00"
Aurubis,2017,1,"77,800,000.00"
Aurubis,2017,2,"129,900,000.00"
Aurubis,2017,3,"76,200,000.00"
Aurubis,2017,4,"67,000,000.00"
Axel Springer,2012,1,"60,700,000.00"
Axel Springer,2012,2,"80,200,000.00"
Axel Springer,2012,3,"18,600,000.00"
Axel Springer,2012,4,"78,600,000.00"
Axel Springer,2013,1,"62,800,000.00"
Axel Springer,2013,2,"71,700,000.00"
Axel Springer,2013,3,"40,300,000.00"
Axel Springer,2013,4,"22,300,000.00"
Axel Springer,2014,1,"70,900,000.00"
Axel Springer,2014,2,"681,700,000.00"
Axel Springer,2014,3,"59,700,000.00"
Axel Springer,2014,4,"-12,500,000.00"
Axel Springer,2015,1,"31,500,000.00"
Axel Springer,2015,2,"48,800,000.00"
Axel Springer,2015,3,"137,200,000.00"
Axel Springer,2015,4,"34,900,000.00"
Axel Springer,2016,1,"203,200,000.00"
Axel Springer,2016,2,"56,500,000.00"
Axel Springer,2016,3,"88,300,000.00"
Axel Springer,2016,4,"79,300,000.00"
Axel Springer,2017,1,"39,300,000.00"
Axel Springer,2017,2,"63,000,000.00"
Axel Springer,2017,3,"37,200,000.00"
Axel Springer,2017,4,"206,000,000.00"
Brenntag,2012,1,"79,100,000.00"
Brenntag,2012,2,"81,000,000.00"
Brenntag,2012,3,"78,600,000.00"
Brenntag,2012,4,"97,500,000.00"
Brenntag,2013,1,"69,700,000.00"
Brenntag,2013,2,"68,700,000.00"
Brenntag,2013,3,"80,900,000.00"
Brenntag,2013,4,"119,900,000.00"
Brenntag,2014,1,"72,100,000.00"
Brenntag,2014,2,"80,500,000.00"
Brenntag,2014,3,"86,100,000.00"
Brenntag,2014,4,"100,600,000.00"
Brenntag,2015,1,"90,600,000.00"
Brenntag,2015,2,"107,200,000.00"
Brenntag,2015,3,"93,900,000.00"
Brenntag,2015,4,"73,300,000.00"
Brenntag,2016,1,"65,900,000.00"
Brenntag,2016,2,"101,500,000.00"
Brenntag,2016,3,"93,400,000.00"
Brenntag,2016,4,"99,500,000.00"
Brenntag,2017,1,"94,500,000.00"
Brenntag,2017,2,"106,700,000.00"
Brenntag,2017,3,"100,500,000.00"
Brenntag,2017,4,"59,100,000.00"
Ceconomy St,2012,1,"-82,000,000.00"
Ceconomy St,2012,2,"-20,000,000.00"
Ceconomy St,2012,3,"77,000,000.00"
Ceconomy St,2012,4,"28,000,000.00"
Ceconomy St,2013,1,"-16,000,000.00"
Ceconomy St,2013,2,"33,000,000.00"
Ceconomy St,2013,3,"-17,000,000.00"
Ceconomy St,2013,4,"-71,000,000.00"
Ceconomy St,2014,1,"451,000,000.00"
Ceconomy St,2014,2,"-269,000,000.00"
Ceconomy St,2014,3,"-63,000,000.00"
Ceconomy St,2014,4,"8,000,000.00"
Ceconomy St,2015,1,"404,000,000.00"
Ceconomy St,2015,2,"-394,000,000.00"
Ceconomy St,2015,3,"115,000,000.00"
Ceconomy St,2015,4,"547,000,000.00"
Ceconomy St,2016,1,"549,000,000.00"
Ceconomy St,2016,2,"-65,000,000.00"
Ceconomy St,2016,3,"-24,000,000.00"
Ceconomy St,2016,4,"139,000,000.00"
Ceconomy St,2017,1,"200,000,000.00"
Ceconomy St,2017,2,"131,000,000.00"
Ceconomy St,2017,3,"132,000,000.00"
Ceconomy St,2017,4,"639,000,000.00"
CTS Eventim,2012,1,"11,000,000.00"
CTS Eventim,2012,2,"10,100,000.00"
CTS Eventim,2012,3,"6,100,000.00"
CTS Eventim,2012,4,"27,800,000.00"
CTS Eventim,2013,1,"13,000,000.00"
CTS Eventim,2013,2,"14,600,000.00"
CTS Eventim,2013,3,"7,300,000.00"
CTS Eventim,2013,4,"26,200,000.00"
CTS Eventim,2014,1,"14,900,000.00"
CTS Eventim,2014,2,"15,400,000.00"
CTS Eventim,2014,3,"9,300,000.00"
CTS Eventim,2014,4,"37,100,000.00"
CTS Eventim,2015,1,"18,400,000.00"
CTS Eventim,2015,2,"18,100,000.00"
CTS Eventim,2015,3,"10,400,000.00"
CTS Eventim,2015,4,"42,100,000.00"
CTS Eventim,2016,1,"18,600,000.00"
CTS Eventim,2016,2,"18,400,000.00"
CTS Eventim,2016,3,"9,200,000.00"
CTS Eventim,2016,4,"48,400,000.00"
CTS Eventim,2017,1,"28,100,000.00"
CTS Eventim,2017,2,"19,100,000.00"
CTS Eventim,2017,3,"13,500,000.00"
CTS Eventim,2017,4,"52,100,000.00"
Deutsche EuroShop,2012,1,"16,500,000.00"
Deutsche EuroShop,2012,2,"16,100,000.00"
Deutsche EuroShop,2012,3,"17,300,000.00"
Deutsche EuroShop,2012,4,"72,600,000.00"
Deutsche EuroShop,2013,1,"20,100,000.00"
Deutsche EuroShop,2013,2,"21,700,000.00"
Deutsche EuroShop,2013,3,"35,400,000.00"
Deutsche EuroShop,2013,4,"93,800,000.00"
Deutsche EuroShop,2014,1,"22,600,000.00"
Deutsche EuroShop,2014,2,"23,700,000.00"
Deutsche EuroShop,2014,3,"23,200,000.00"
Deutsche EuroShop,2014,4,"107,900,000.00"
Deutsche EuroShop,2015,1,"25,300,000.00"
Deutsche EuroShop,2015,2,"24,400,000.00"
Deutsche EuroShop,2015,3,"23,900,000.00"
Deutsche EuroShop,2015,4,"235,700,000.00"
Deutsche EuroShop,2016,1,"24,900,000.00"
Deutsche EuroShop,2016,2,"23,800,000.00"
Deutsche EuroShop,2016,3,"23,500,000.00"
Deutsche EuroShop,2016,4,"149,600,000.00"
Deutsche EuroShop,2017,1,"27,500,000.00"
Deutsche EuroShop,2017,2,"28,700,000.00"
Deutsche EuroShop,2017,3,"29,000,000.00"
Deutsche EuroShop,2017,4,"49,100,000.00"
Deutsche Wohnen SE,2012,1,"14,400,000.00"
Deutsche Wohnen SE,2012,2,"22,500,000.00"
Deutsche Wohnen SE,2012,3,"13,800,000.00"
Deutsche Wohnen SE,2012,4,"94,800,000.00"
Deutsche Wohnen SE,2013,1,"26,200,000.00"
Deutsche Wohnen SE,2013,2,"24,000,000.00"
Deutsche Wohnen SE,2013,3,"16,300,000.00"
Deutsche Wohnen SE,2013,4,"145,900,000.00"
Deutsche Wohnen SE,2014,1,"44,300,000.00"
Deutsche Wohnen SE,2014,2,"47,200,000.00"
Deutsche Wohnen SE,2014,3,"47,300,000.00"
Deutsche Wohnen SE,2014,4,"717,100,000.00"
Deutsche Wohnen SE,2015,1,"-47,100,000.00"
Deutsche Wohnen SE,2015,2,"571,100,000.00"
Deutsche Wohnen SE,2015,3,"-23,900,000.00"
Deutsche Wohnen SE,2015,4,"660,900,000.00"
Deutsche Wohnen SE,2016,1,"97,300,000.00"
Deutsche Wohnen SE,2016,2,"508,000,000.00"
Deutsche Wohnen SE,2016,3,"12,900,000.00"
Deutsche Wohnen SE,2016,4,"965,800,000.00"
Deutsche Wohnen SE,2017,1,"45,300,000.00"
Deutsche Wohnen SE,2017,2,"602,000,000.00"
Deutsche Wohnen SE,2017,3,"31,700,000.00"
Deutsche Wohnen SE,2017,4,"1,039,000,000.00"
Duerr,2012,1,"16,600,000.00"
Duerr,2012,2,"26,100,000.00"
Duerr,2012,3,"26,400,000.00"
Duerr,2012,4,"38,100,000.00"
Duerr,2013,1,"23,000,000.00"
Duerr,2013,2,"29,300,000.00"
Duerr,2013,3,"34,900,000.00"
Duerr,2013,4,"52,900,000.00"
Duerr,2014,1,"28,800,000.00"
Duerr,2014,2,"28,000,000.00"
Duerr,2014,3,"41,700,000.00"
Duerr,2014,4,"51,300,000.00"
Duerr,2015,1,"16,500,000.00"
Duerr,2015,2,"35,000,000.00"
Duerr,2015,3,"55,800,000.00"
Duerr,2015,4,"54,300,000.00"
Duerr,2016,1,"37,900,000.00"
Duerr,2016,2,"38,400,000.00"
Duerr,2016,3,"41,300,000.00"
Duerr,2016,4,"64,300,000.00"
Duerr,2017,1,"61,700,000.00"
Duerr,2017,2,"36,200,000.00"
Duerr,2017,3,"47,400,000.00"
Duerr,2017,4,"49,100,000.00"
Fielmann,2012,1,"32,700,000.00"
Fielmann,2012,2,"29,100,000.00"
Fielmann,2012,3,"37,000,000.00"
Fielmann,2012,4,"27,600,000.00"
Fielmann,2013,1,"32,900,000.00"
Fielmann,2013,2,"31,100,000.00"
Fielmann,2013,3,"41,500,000.00"
Fielmann,2013,4,"32,500,000.00"
Fielmann,2014,1,"40,200,000.00"
Fielmann,2014,2,"32,800,000.00"
Fielmann,2014,3,"48,900,000.00"
Fielmann,2014,4,"35,400,000.00"
Fielmann,2015,1,"43,400,000.00"
Fielmann,2015,2,"36,800,000.00"
Fielmann,2015,3,"52,300,000.00"
Fielmann,2015,4,"33,000,000.00"
Fielmann,2016,1,"36,900,000.00"
Fielmann,2016,2,"43,400,000.00"
Fielmann,2016,3,"47,800,000.00"
Fielmann,2016,4,"38,200,000.00"
Fielmann,2017,1,"41,600,000.00"
Fielmann,2017,2,"43,300,000.00"
Fielmann,2017,3,"52,200,000.00"
Fielmann,2017,4,"30,500,000.00"
Fraport,2012,1,"15,600,000.00"
Fraport,2012,2,"68,800,000.00"
Fraport,2012,3,"151,600,000.00"
Fraport,2012,4,"2,300,000.00"
Fraport,2013,1,"5,100,000.00"
Fraport,2013,2,"73,900,000.00"
Fraport,2013,3,"123,000,000.00"
Fraport,2013,4,"19,000,000.00"
Fraport,2014,1,"6,500,000.00"
Fraport,2014,2,"81,800,000.00"
Fraport,2014,3,"116,100,000.00"
Fraport,2014,4,"30,300,000.00"
Fraport,2015,1,"9,900,000.00"
Fraport,2015,2,"88,100,000.00"
Fraport,2015,3,"146,000,000.00"
Fraport,2015,4,"32,500,000.00"
Fraport,2016,1,"13,500,000.00"
Fraport,2016,2,"79,000,000.00"
Fraport,2016,3,"124,600,000.00"
Fraport,2016,4,"158,300,000.00"
Fraport,2017,1,"18,100,000.00"
Fraport,2017,2,"110,200,000.00"
Fraport,2017,3,"181,000,000.00"
Fraport,2017,4,"20,900,000.00"
Fuchs Petrolub Vz,2012,1,"51,400,000.00"
Fuchs Petrolub Vz,2012,2,"50,100,000.00"
Fuchs Petrolub Vz,2012,3,"54,900,000.00"
Fuchs Petrolub Vz,2012,4,"50,200,000.00"
Fuchs Petrolub Vz,2013,1,"51,500,000.00"
Fuchs Petrolub Vz,2013,2,"55,800,000.00"
Fuchs Petrolub Vz,2013,3,"57,900,000.00"
Fuchs Petrolub Vz,2013,4,"52,900,000.00"
Fuchs Petrolub Vz,2014,1,"52,700,000.00"
Fuchs Petrolub Vz,2014,2,"52,500,000.00"
Fuchs Petrolub Vz,2014,3,"58,600,000.00"
Fuchs Petrolub Vz,2014,4,"55,700,000.00"
Fuchs Petrolub Vz,2015,1,"56,700,000.00"
Fuchs Petrolub Vz,2015,2,"61,900,000.00"
Fuchs Petrolub Vz,2015,3,"62,000,000.00"
Fuchs Petrolub Vz,2015,4,"55,200,000.00"
Fuchs Petrolub Vz,2016,1,"58,600,000.00"
Fuchs Petrolub Vz,2016,2,"67,800,000.00"
Fuchs Petrolub Vz,2016,3,"64,700,000.00"
Fuchs Petrolub Vz,2016,4,"67,900,000.00"
Fuchs Petrolub Vz,2017,1,"66,000,000.00"
Fuchs Petrolub Vz,2017,2,"68,000,000.00"
Fuchs Petrolub Vz,2017,3,"64,000,000.00"
Fuchs Petrolub Vz,2017,4,"71,000,000.00"
GEA Group,2012,1,"12,600,000.00"
GEA Group,2012,2,"72,800,000.00"
GEA Group,2012,3,"89,400,000.00"
GEA Group,2012,4,"139,600,000.00"
GEA Group,2013,1,"40,800,000.00"
GEA Group,2013,2,"75,300,000.00"
GEA Group,2013,3,"83,100,000.00"
GEA Group,2013,4,"136,800,000.00"
GEA Group,2014,1,"47,200,000.00"
GEA Group,2014,2,"80,700,000.00"
GEA Group,2014,3,"74,600,000.00"
GEA Group,2014,4,"118,100,000.00"
GEA Group,2015,1,"40,500,000.00"
GEA Group,2015,2,"-21,800,000.00"
GEA Group,2015,3,"165,200,000.00"
GEA Group,2015,4,"178,000,000.00"
GEA Group,2016,1,"34,300,000.00"
GEA Group,2016,2,"82,800,000.00"
GEA Group,2016,3,"39,600,000.00"
GEA Group,2016,4,"127,900,000.00"
GEA Group,2017,1,"55,400,000.00"
GEA Group,2017,2,"55,400,000.00"
GEA Group,2017,3,"43,400,000.00"
GEA Group,2017,4,"89,100,000.00"
Gerresheimer ,2012,1,"5,100,000.00"
Gerresheimer ,2012,2,"15,900,000.00"
Gerresheimer ,2012,3,"13,100,000.00"
Gerresheimer ,2012,4,"26,100,000.00"
Gerresheimer ,2013,1,"8,600,000.00"
Gerresheimer ,2013,2,"10,700,000.00"
Gerresheimer ,2013,3,"18,000,000.00"
Gerresheimer ,2013,4,"24,900,000.00"
Gerresheimer ,2014,1,"9,000,000.00"
Gerresheimer ,2014,2,"19,300,000.00"
Gerresheimer ,2014,3,"18,200,000.00"
Gerresheimer ,2014,4,"19,800,000.00"
Gerresheimer ,2015,1,"11,000,000.00"
Gerresheimer ,2015,2,"20,300,000.00"
Gerresheimer ,2015,3,"18,200,000.00"
Gerresheimer ,2015,4,"54,700,000.00"
Gerresheimer ,2016,1,"16,200,000.00"
Gerresheimer ,2016,2,"29,400,000.00"
Gerresheimer ,2016,3,"30,900,000.00"
Gerresheimer ,2016,4,"45,100,000.00"
Gerresheimer ,2017,1,"12,900,000.00"
Gerresheimer ,2017,2,"24,500,000.00"
Gerresheimer ,2017,3,"25,600,000.00"
Gerresheimer ,2017,4,"37,900,000.00"
Hannover Rueck ,2012,1,"261,300,000.00"
Hannover Rueck ,2012,2,"144,000,000.00"
Hannover Rueck ,2012,3,"265,500,000.00"
Hannover Rueck ,2012,4,"187,500,000.00"
Hannover Rueck ,2013,1,"221,400,000.00"
Hannover Rueck ,2013,2,"186,300,000.00"
Hannover Rueck ,2013,3,"205,500,000.00"
Hannover Rueck ,2013,4,"282,300,000.00"
Hannover Rueck ,2014,1,"233,000,000.00"
Hannover Rueck ,2014,2,"211,400,000.00"
Hannover Rueck ,2014,3,"251,000,000.00"
Hannover Rueck ,2014,4,"290,200,000.00"
Hannover Rueck ,2015,1,"279,700,000.00"
Hannover Rueck ,2015,2,"252,200,000.00"
Hannover Rueck ,2015,3,"254,100,000.00"
Hannover Rueck ,2015,4,"365,000,000.00"
Hannover Rueck ,2016,1,"271,200,000.00"
Hannover Rueck ,2016,2,"214,900,000.00"
Hannover Rueck ,2016,3,"303,900,000.00"
Hannover Rueck ,2016,4,"381,000,000.00"
Hannover Rueck ,2017,1,"264,800,000.00"
Hannover Rueck ,2017,2,"270,200,000.00"
Hannover Rueck ,2017,3,"13,900,000.00"
Hannover Rueck ,2017,4,"409,700,000.00"
Hochtief,2012,1,"-34,100,000.00"
Hochtief,2012,2,"-15,000,000.00"
Hochtief,2012,3,"141,100,000.00"
Hochtief,2012,4,"66,100,000.00"
Hochtief,2013,1,"43,600,000.00"
Hochtief,2013,2,"82,700,000.00"
Hochtief,2013,3,"24,200,000.00"
Hochtief,2013,4,"20,700,000.00"
Hochtief,2014,1,"44,100,000.00"
Hochtief,2014,2,"56,400,000.00"
Hochtief,2014,3,"54,900,000.00"
Hochtief,2014,4,"96,300,000.00"
Hochtief,2015,1,"51,800,000.00"
Hochtief,2015,2,"55,800,000.00"
Hochtief,2015,3,"42,900,000.00"
Hochtief,2015,4,"57,800,000.00"
Hochtief,2016,1,"63,300,000.00"
Hochtief,2016,2,"76,900,000.00"
Hochtief,2016,3,"83,000,000.00"
Hochtief,2016,4,"97,300,000.00"
Hochtief,2017,1,"88,300,000.00"
Hochtief,2017,2,"100,800,000.00"
Hochtief,2017,3,"113,700,000.00"
Hochtief,2017,4,"117,900,000.00"
Hugo Boss,2012,1,"93,900,000.00"
Hugo Boss,2012,2,"40,200,000.00"
Hugo Boss,2012,3,"103,600,000.00"
Hugo Boss,2012,4,"69,700,000.00"
Hugo Boss,2013,1,"81,600,000.00"
Hugo Boss,2013,2,"52,200,000.00"
Hugo Boss,2013,3,"110,900,000.00"
Hugo Boss,2013,4,"84,300,000.00"
Hugo Boss,2014,1,"81,600,000.00"
Hugo Boss,2014,2,"61,600,000.00"
Hugo Boss,2014,3,"114,800,000.00"
Hugo Boss,2014,4,"75,300,000.00"
Hugo Boss,2015,1,"75,600,000.00"
Hugo Boss,2015,2,"70,500,000.00"
Hugo Boss,2015,3,"88,500,000.00"
Hugo Boss,2015,4,"84,800,000.00"
Hugo Boss,2016,1,"38,500,000.00"
Hugo Boss,2016,2,"11,000,000.00"
Hugo Boss,2016,3,"80,700,000.00"
Hugo Boss,2016,4,"63,400,000.00"
Hugo Boss,2017,1,"48,000,000.00"
Hugo Boss,2017,2,"57,600,000.00"
Hugo Boss,2017,3,"80,300,000.00"
Hugo Boss,2017,4,"45,200,000.00"
Jungheinrich Vz,2012,1,"25,000,000.00"
Jungheinrich Vz,2012,2,"28,200,000.00"
Jungheinrich Vz,2012,3,"27,700,000.00"
Jungheinrich Vz,2012,4,"29,400,000.00"
Jungheinrich Vz,2013,1,"21,900,000.00"
Jungheinrich Vz,2013,2,"27,400,000.00"
Jungheinrich Vz,2013,3,"26,800,000.00"
Jungheinrich Vz,2013,4,"30,800,000.00"
Jungheinrich Vz,2014,1,"25,700,000.00"
Jungheinrich Vz,2014,2,"30,200,000.00"
Jungheinrich Vz,2014,3,"31,100,000.00"
Jungheinrich Vz,2014,4,"38,800,000.00"
Jungheinrich Vz,2015,1,"27,600,000.00"
Jungheinrich Vz,2015,2,"36,600,000.00"
Jungheinrich Vz,2015,3,"34,400,000.00"
Jungheinrich Vz,2015,4,"39,000,000.00"
Jungheinrich Vz,2016,1,"28,300,000.00"
Jungheinrich Vz,2016,2,"45,000,000.00"
Jungheinrich Vz,2016,3,"34,000,000.00"
Jungheinrich Vz,2016,4,"47,100,000.00"
Jungheinrich Vz,2017,1,"38,000,000.00"
Jungheinrich Vz,2017,2,"45,900,000.00"
Jungheinrich Vz,2017,3,"40,800,000.00"
Jungheinrich Vz,2017,4,"57,400,000.00"
K+S,2012,1,"212,200,000.00"
K+S,2012,2,"138,100,000.00"
K+S,2012,3,"180,200,000.00"
K+S,2012,4,"137,100,000.00"
K+S,2013,1,"187,500,000.00"
K+S,2013,2,"102,000,000.00"
K+S,2013,3,"70,900,000.00"
K+S,2013,4,"52,400,000.00"
K+S,2014,1,"124,100,000.00"
K+S,2014,2,"106,200,000.00"
K+S,2014,3,"89,000,000.00"
K+S,2014,4,"61,200,000.00"
K+S,2015,1,"163,600,000.00"
K+S,2015,2,"153,300,000.00"
K+S,2015,3,"49,900,000.00"
K+S,2015,4,"128,400,000.00"
K+S,2016,1,"201,300,000.00"
K+S,2016,2,"100,000.00"
K+S,2016,3,"-28,300,000.00"
K+S,2016,4,"1,000,000.00"
K+S,2017,1,"102,200,000.00"
K+S,2017,2,"38,300,000.00"
K+S,2017,3,"12,200,000.00"
K+S,2017,4,"31,900,000.00"
Krones,2012,1,"22,300,000.00"
Krones,2012,2,"21,900,000.00"
Krones,2012,3,"-8,000,000.00"
Krones,2012,4,"30,800,000.00"
Krones,2013,1,"26,900,000.00"
Krones,2013,2,"28,700,000.00"
Krones,2013,3,"26,100,000.00"
Krones,2013,4,"37,700,000.00"
Krones,2014,1,"29,900,000.00"
Krones,2014,2,"32,500,000.00"
Krones,2014,3,"32,700,000.00"
Krones,2014,4,"40,800,000.00"
Krones,2015,1,"35,000,000.00"
Krones,2015,2,"38,200,000.00"
Krones,2015,3,"35,900,000.00"
Krones,2015,4,"48,300,000.00"
Krones,2016,1,"38,400,000.00"
Krones,2016,2,"36,600,000.00"
Krones,2016,3,"40,200,000.00"
Krones,2016,4,"55,600,000.00"
Krones,2017,1,"44,100,000.00"
Krones,2017,2,"39,200,000.00"
Krones,2017,3,"32,900,000.00"
Krones,2017,4,"72,600,000.00"
Lanxess,2012,1,"193,000,000.00"
Lanxess,2012,2,"176,000,000.00"
Lanxess,2012,3,"94,000,000.00"
Lanxess,2012,4,"51,000,000.00"
Lanxess,2013,1,"25,000,000.00"
Lanxess,2013,2,"9,000,000.00"
Lanxess,2013,3,"11,000,000.00"
Lanxess,2013,4,"-204,000,000.00"
Lanxess,2014,1,"25,000,000.00"
Lanxess,2014,2,"55,000,000.00"
Lanxess,2014,3,"35,000,000.00"
Lanxess,2014,4,"-68,000,000.00"
Lanxess,2015,1,"22,000,000.00"
Lanxess,2015,2,"87,000,000.00"
Lanxess,2015,3,"41,000,000.00"
Lanxess,2015,4,"15,000,000.00"
Lanxess,2016,1,"53,000,000.00"
Lanxess,2016,2,"75,000,000.00"
Lanxess,2016,3,"62,000,000.00"
Lanxess,2016,4,"2,000,000.00"
Lanxess,2017,1,"78,000,000.00"
Lanxess,2017,2,"3,000,000.00"
Lanxess,2017,3,"55,000,000.00"
Lanxess,2017,4,"-49,000,000.00"
Leoni,2012,1,"64,600,000.00"
Leoni,2012,2,"34,300,000.00"
Leoni,2012,3,"31,300,000.00"
Leoni,2012,4,"25,500,000.00"
Leoni,2013,1,"22,500,000.00"
Leoni,2013,2,"23,400,000.00"
Leoni,2013,3,"17,900,000.00"
Leoni,2013,4,"41,700,000.00"
Leoni,2014,1,"31,400,000.00"
Leoni,2014,2,"29,800,000.00"
Leoni,2014,3,"16,100,000.00"
Leoni,2014,4,"37,400,000.00"
Leoni,2015,1,"16,700,000.00"
Leoni,2015,2,"35,000,000.00"
Leoni,2015,3,"15,600,000.00"
Leoni,2015,4,"9,900,000.00"
Leoni,2016,1,"11,500,000.00"
Leoni,2016,2,"24,300,000.00"
Leoni,2016,3,"-24,400,000.00"
Leoni,2016,4,"-1,500,000.00"
Leoni,2017,1,"33,400,000.00"
Leoni,2017,2,"58,700,000.00"
Leoni,2017,3,"28,300,000.00"
Leoni,2017,4,"24,600,000.00"
MTU Aero Engines,2012,1,"54,000,000.00"
MTU Aero Engines,2012,2,"60,400,000.00"
MTU Aero Engines,2012,3,"46,000,000.00"
MTU Aero Engines,2012,4,"13,500,000.00"
MTU Aero Engines,2013,1,"36,300,000.00"
MTU Aero Engines,2013,2,"36,400,000.00"
MTU Aero Engines,2013,3,"51,800,000.00"
MTU Aero Engines,2013,4,"47,900,000.00"
MTU Aero Engines,2014,1,"46,800,000.00"
MTU Aero Engines,2014,2,"40,100,000.00"
MTU Aero Engines,2014,3,"46,200,000.00"
MTU Aero Engines,2014,4,"62,500,000.00"
MTU Aero Engines,2015,1,"21,200,000.00"
MTU Aero Engines,2015,2,"82,800,000.00"
MTU Aero Engines,2015,3,"47,800,000.00"
MTU Aero Engines,2015,4,"65,800,000.00"
MTU Aero Engines,2016,1,"90,200,000.00"
MTU Aero Engines,2016,2,"68,200,000.00"
MTU Aero Engines,2016,3,"83,800,000.00"
MTU Aero Engines,2016,4,"70,000,000.00"
MTU Aero Engines,2017,1,"104,400,000.00"
MTU Aero Engines,2017,2,"111,100,000.00"
MTU Aero Engines,2017,3,"81,800,000.00"
MTU Aero Engines,2017,4,"80,900,000.00"
Norma Group,2012,1,"16,300,000.00"
Norma Group,2012,2,"16,100,000.00"
Norma Group,2012,3,"14,800,000.00"
Norma Group,2012,4,"9,400,000.00"
Norma Group,2013,1,"15,800,000.00"
Norma Group,2013,2,"14,600,000.00"
Norma Group,2013,3,"12,500,000.00"
Norma Group,2013,4,"12,700,000.00"
Norma Group,2014,1,"13,600,000.00"
Norma Group,2014,2,"15,300,000.00"
Norma Group,2014,3,"14,400,000.00"
Norma Group,2014,4,"11,600,000.00"
Norma Group,2015,1,"17,800,000.00"
Norma Group,2015,2,"19,900,000.00"
Norma Group,2015,3,"17,400,000.00"
Norma Group,2015,4,"18,700,000.00"
Norma Group,2016,1,"19,400,000.00"
Norma Group,2016,2,"21,600,000.00"
Norma Group,2016,3,"19,300,000.00"
Norma Group,2016,4,"15,600,000.00"
Norma Group,2017,1,"22,400,000.00"
Norma Group,2017,2,"24,600,000.00"
Norma Group,2017,3,"19,100,000.00"
Norma Group,2017,4,"53,700,000.00"
Rheinmetall,2012,1,"27,000,000.00"
Rheinmetall,2012,2,"57,000,000.00"
Rheinmetall,2012,3,"33,000,000.00"
Rheinmetall,2012,4,"73,000,000.00"
Rheinmetall,2013,1,"-23,000,000.00"
Rheinmetall,2013,2,"-2,000,000.00"
Rheinmetall,2013,3,"1,000,000.00"
Rheinmetall,2013,4,"53,000,000.00"
Rheinmetall,2014,1,"-7,000,000.00"
Rheinmetall,2014,2,"9,000,000.00"
Rheinmetall,2014,3,"-14,000,000.00"
Rheinmetall,2014,4,"30,000,000.00"
Rheinmetall,2015,1,"8,000,000.00"
Rheinmetall,2015,2,"32,000,000.00"
Rheinmetall,2015,3,"33,000,000.00"
Rheinmetall,2015,4,"78,000,000.00"
Rheinmetall,2016,1,"13,000,000.00"
Rheinmetall,2016,2,"40,000,000.00"
Rheinmetall,2016,3,"42,000,000.00"
Rheinmetall,2016,4,"105,000,000.00"
Rheinmetall,2017,1,"24,000,000.00"
Rheinmetall,2017,2,"43,000,000.00"
Rheinmetall,2017,3,"36,000,000.00"
Rheinmetall,2017,4,"121,000,000.00"
Salzgitter,2012,1,"-15,500,000.00"
Salzgitter,2012,2,"-7,000,000.00"
Salzgitter,2012,3,"-25,700,000.00"
Salzgitter,2012,4,"-53,800,000.00"
Salzgitter,2013,1,"-16,600,000.00"
Salzgitter,2013,2,"-298,600,000.00"
Salzgitter,2013,3,"-67,000,000.00"
Salzgitter,2013,4,"-110,100,000.00"
Salzgitter,2014,1,"-13,300,000.00"
Salzgitter,2014,2,"-2,600,000.00"
Salzgitter,2014,3,"2,800,000.00"
Salzgitter,2014,4,"-21,600,000.00"
Salzgitter,2015,1,"32,700,000.00"
Salzgitter,2015,2,"8,600,000.00"
Salzgitter,2015,3,"-30,100,000.00"
Salzgitter,2015,4,"-59,300,000.00"
Salzgitter,2016,1,"1,000,000.00"
Salzgitter,2016,2,"8,300,000.00"
Salzgitter,2016,3,"4,400,000.00"
Salzgitter,2016,4,"40,600,000.00"
Salzgitter,2017,1,"48,700,000.00"
Salzgitter,2017,2,"14,600,000.00"
Salzgitter,2017,3,"47,100,000.00"
Salzgitter,2017,4,"79,900,000.00"
Stada,2012,1,"19,400,000.00"
Stada,2012,2,"28,700,000.00"
Stada,2012,3,"20,200,000.00"
Stada,2012,4,"18,200,000.00"
Stada,2013,1,"34,900,000.00"
Stada,2013,2,"31,700,000.00"
Stada,2013,3,"23,500,000.00"
Stada,2013,4,"31,300,000.00"
Stada,2014,1,"35,000,000.00"
Stada,2014,2,"31,800,000.00"
Stada,2014,3,"32,300,000.00"
Stada,2014,4,"-34,500,000.00"
Stada,2015,1,"21,200,000.00"
Stada,2015,2,"32,400,000.00"
Stada,2015,3,"36,300,000.00"
Stada,2015,4,"20,500,000.00"
Stada,2016,1,"29,600,000.00"
Stada,2016,2,"52,400,000.00"
Stada,2016,3,"18,200,000.00"
Stada,2016,4,"-14,300,000.00"
Stada,2017,1,"49,200,000.00"
Stada,2017,2,"41,100,000.00"
Stada,2017,3,"18,900,000.00"
Stada,2017,4,"-23,900,000.00"
Stroeer,2012,1,"-5,500,000.00"
Stroeer,2012,2,"6,100,000.00"
Stroeer,2012,3,"-16,900,000.00"
Stroeer,2012,4,"13,400,000.00"
Stroeer,2013,1,"-6,300,000.00"
Stroeer,2013,2,"4,000,000.00"
Stroeer,2013,3,"-4,800,000.00"
Stroeer,2013,4,"10,900,000.00"
Stroeer,2014,1,"-6,500,000.00"
Stroeer,2014,2,"8,900,000.00"
Stroeer,2014,3,"2,500,000.00"
Stroeer,2014,4,"16,800,000.00"
Stroeer,2015,1,"-2,200,000.00"
Stroeer,2015,2,"20,300,000.00"
Stroeer,2015,3,"7,000,000.00"
Stroeer,2015,4,"32,900,000.00"
Stroeer,2016,1,"5,700,000.00"
Stroeer,2016,2,"23,000,000.00"
Stroeer,2016,3,"11,500,000.00"
Stroeer,2016,4,"29,900,000.00"
Stroeer,2017,1,"8,700,000.00"
Stroeer,2017,2,"25,100,000.00"
Stroeer,2017,3,"17,800,000.00"
Stroeer,2017,4,"43,400,000.00"
Suedzucker,2012,1,"91,600,000.00"
Suedzucker,2012,2,"53,100,000.00"
Suedzucker,2012,3,"109,600,000.00"
Suedzucker,2012,4,"122,000,000.00"
Suedzucker,2013,1,"220,500,000.00"
Suedzucker,2013,2,"174,500,000.00"
Suedzucker,2013,3,"112,600,000.00"
Suedzucker,2013,4,"85,500,000.00"
Suedzucker,2014,1,"131,500,000.00"
Suedzucker,2014,2,"115,500,000.00"
Suedzucker,2014,3,"111,400,000.00"
Suedzucker,2014,4,"-76,800,000.00"
Suedzucker,2015,1,"48,900,000.00"
Suedzucker,2015,2,"26,300,000.00"
Suedzucker,2015,3,"-8,100,000.00"
Suedzucker,2015,4,"-47,000,000.00"
Suedzucker,2016,1,"20,800,000.00"
Suedzucker,2016,2,"24,900,000.00"
Suedzucker,2016,3,"45,200,000.00"
Suedzucker,2016,4,"18,000,000.00"
Suedzucker,2017,1,"54,100,000.00"
Suedzucker,2017,2,"54,500,000.00"
Suedzucker,2017,3,"74,100,000.00"
Suedzucker,2017,4,"30,900,000.00"
TAG Immobilien,2012,1,"88,300,000.00"
TAG Immobilien,2012,2,"27,600,000.00"
TAG Immobilien,2012,3,"15,400,000.00"
TAG Immobilien,2012,4,"47,800,000.00"
TAG Immobilien,2013,1,"14,000,000.00"
TAG Immobilien,2013,2,"11,900,000.00"
TAG Immobilien,2013,3,"9,200,000.00"
TAG Immobilien,2013,4,"-7,100,000.00"
TAG Immobilien,2014,1,"8,500,000.00"
TAG Immobilien,2014,2,"5,600,000.00"
TAG Immobilien,2014,3,"49,900,000.00"
TAG Immobilien,2014,4,"-40,400,000.00"
TAG Immobilien,2015,1,"26,700,000.00"
TAG Immobilien,2015,2,"18,100,000.00"
TAG Immobilien,2015,3,"63,500,000.00"
TAG Immobilien,2015,4,"37,000,000.00"
TAG Immobilien,2016,1,"17,100,000.00"
TAG Immobilien,2016,2,"21,900,000.00"
TAG Immobilien,2016,3,"128,500,000.00"
TAG Immobilien,2016,4,"33,900,000.00"
TAG Immobilien,2017,1,"21,800,000.00"
TAG Immobilien,2017,2,"50,800,000.00"
TAG Immobilien,2017,3,"19,300,000.00"
TAG Immobilien,2017,4,"219,200,000.00"
Talanx,2012,1,"211,000,000.00"
Talanx,2012,2,"143,000,000.00"
Talanx,2012,3,"196,000,000.00"
Talanx,2012,4,"80,000,000.00"
Talanx,2013,1,"203,000,000.00"
Talanx,2013,2,"204,000,000.00"
Talanx,2013,3,"121,000,000.00"
Talanx,2013,4,"234,000,000.00"
Talanx,2014,1,"192,000,000.00"
Talanx,2014,2,"165,000,000.00"
Talanx,2014,3,"149,000,000.00"
Talanx,2014,4,"263,000,000.00"
Talanx,2015,1,"251,000,000.00"
Talanx,2015,2,"60,000,000.00"
Talanx,2015,3,"177,000,000.00"
Talanx,2015,4,"246,000,000.00"
Talanx,2016,1,"222,000,000.00"
Talanx,2016,2,"179,000,000.00"
Talanx,2016,3,"234,000,000.00"
Talanx,2016,4,"272,000,000.00"
Talanx,2017,1,"238,000,000.00"
Talanx,2017,2,"225,000,000.00"
Talanx,2017,3,"-19,000,000.00"
Talanx,2017,4,"228,000,000.00"
Wacker Chemie,2012,1,"41,500,000.00"
Wacker Chemie,2012,2,"58,800,000.00"
Wacker Chemie,2012,3,"24,900,000.00"
Wacker Chemie,2012,4,"-12,400,000.00"
Wacker Chemie,2013,1,"4,100,000.00"
Wacker Chemie,2013,2,"13,600,000.00"
Wacker Chemie,2013,3,"4,600,000.00"
Wacker Chemie,2013,4,"-19,700,000.00"
Wacker Chemie,2014,1,"67,000,000.00"
Wacker Chemie,2014,2,"32,000,000.00"
Wacker Chemie,2014,3,"120,500,000.00"
Wacker Chemie,2014,4,"-15,700,000.00"
Wacker Chemie,2015,1,"70,400,000.00"
Wacker Chemie,2015,2,"110,000,000.00"
Wacker Chemie,2015,3,"60,000,000.00"
Wacker Chemie,2015,4,"6,300,000.00"
Wacker Chemie,2016,1,"20,200,000.00"
Wacker Chemie,2016,2,"57,300,000.00"
Wacker Chemie,2016,3,"64,000,000.00"
Wacker Chemie,2016,4,"37,700,000.00"
Wacker Chemie,2017,1,"655,300,000.00"
Wacker Chemie,2017,2,"58,200,000.00"
Wacker Chemie,2017,3,"101,300,000.00"
Wacker Chemie,2017,4,"51,900,000.00"
ADLER Real Estate,2012,1,"-300,000.00"
ADLER Real Estate,2012,2,"-100,000.00"
ADLER Real Estate,2012,3,"-400,000.00"
ADLER Real Estate,2012,4,"1,200,000.00"
ADLER Real Estate,2013,1,"900,000.00"
ADLER Real Estate,2013,2,"29,900,000.00"
ADLER Real Estate,2013,3,"8,600,000.00"
ADLER Real Estate,2013,4,"-600,000.00"
ADLER Real Estate,2014,1,"21,400,000.00"
ADLER Real Estate,2014,2,"79,000,000.00"
ADLER Real Estate,2014,3,"-4,400,000.00"
ADLER Real Estate,2014,4,"12,800,000.00"
ADLER Real Estate,2015,1,"42,800,000.00"
ADLER Real Estate,2015,2,"10,800,000.00"
ADLER Real Estate,2015,3,"2,100,000.00"
ADLER Real Estate,2015,4,"16,400,000.00"
ADLER Real Estate,2016,1,"3,400,000.00"
ADLER Real Estate,2016,2,"25,100,000.00"
ADLER Real Estate,2016,3,"59,200,000.00"
ADLER Real Estate,2016,4,"33,200,000.00"
ADLER Real Estate,2017,1,"1,500,000.00"
ADLER Real Estate,2017,2,"16,100,000.00"
ADLER Real Estate,2017,3,"2,600,000.00"
ADLER Real Estate,2017,4,"106,600,000.00"
Bertrandt,2012,1,"10,800,000.00"
Bertrandt,2012,2,"15,200,000.00"
Bertrandt,2012,3,"11,100,000.00"
Bertrandt,2012,4,"14,600,000.00"
Bertrandt,2013,1,"12,100,000.00"
Bertrandt,2013,2,"14,400,000.00"
Bertrandt,2013,3,"12,700,000.00"
Bertrandt,2013,4,"18,000,000.00"
Bertrandt,2014,1,"13,000,000.00"
Bertrandt,2014,2,"15,800,000.00"
Bertrandt,2014,3,"13,100,000.00"
Bertrandt,2014,4,"20,400,000.00"
Bertrandt,2015,1,"14,600,000.00"
Bertrandt,2015,2,"15,200,000.00"
Bertrandt,2015,3,"12,000,000.00"
Bertrandt,2015,4,"20,800,000.00"
Bertrandt,2016,1,"16,500,000.00"
Bertrandt,2016,2,"12,300,000.00"
Bertrandt,2016,3,"13,000,000.00"
Bertrandt,2016,4,"21,800,000.00"
Bertrandt,2017,1,"11,600,000.00"
Bertrandt,2017,2,"13,400,000.00"
Bertrandt,2017,3,"2,800,000.00"
Bertrandt,2017,4,"16,100,000.00"
Bilfinger,2012,1,"100,000,000.00"
Bilfinger,2012,2,"61,000,000.00"
Bilfinger,2012,3,"57,000,000.00"
Bilfinger,2012,4,"56,900,000.00"
Bilfinger,2013,1,"21,000,000.00"
Bilfinger,2013,2,"47,000,000.00"
Bilfinger,2013,3,"48,000,000.00"
Bilfinger,2013,4,"56,800,000.00"
Bilfinger,2014,1,"8,000,000.00"
Bilfinger,2014,2,"47,000,000.00"
Bilfinger,2014,3,"-180,000,000.00"
Bilfinger,2014,4,"53,600,000.00"
Bilfinger,2015,1,"-17,000,000.00"
Bilfinger,2015,2,"-422,000,000.00"
Bilfinger,2015,3,"-71,000,000.00"
Bilfinger,2015,4,"21,300,000.00"
Bilfinger,2016,1,"-76,000,000.00"
Bilfinger,2016,2,"-58,000,000.00"
Bilfinger,2016,3,"458,000,000.00"
Bilfinger,2016,4,"-53,400,000.00"
Bilfinger,2017,1,"-55,000,000.00"
Bilfinger,2017,2,"-7,000,000.00"
Bilfinger,2017,3,"-21,000,000.00"
Bilfinger,2017,4,"-5,500,000.00"
Biotest Vz,2012,1,"3,800,000.00"
Biotest Vz,2012,2,"6,100,000.00"
Biotest Vz,2012,3,"5,700,000.00"
Biotest Vz,2012,4,"17,800,000.00"
Biotest Vz,2013,1,"7,000,000.00"
Biotest Vz,2013,2,"8,300,000.00"
Biotest Vz,2013,3,"8,700,000.00"
Biotest Vz,2013,4,"8,000,000.00"
Biotest Vz,2014,1,"5,000,000.00"
Biotest Vz,2014,2,"8,800,000.00"
Biotest Vz,2014,3,"5,500,000.00"
Biotest Vz,2014,4,"-100,000.00"
Biotest Vz,2015,1,"1,400,000.00"
Biotest Vz,2015,2,"-3,600,000.00"
Biotest Vz,2015,3,"-85,800,000.00"
Biotest Vz,2015,4,"5,500,000.00"
Biotest Vz,2016,1,"1,800,000.00"
Biotest Vz,2016,2,"5,900,000.00"
Biotest Vz,2016,3,"-9,400,000.00"
Biotest Vz,2016,4,"-44,000,000.00"
Biotest Vz,2017,1,"-24,300,000.00"
Biotest Vz,2017,2,"6,500,000.00"
Biotest Vz,2017,3,"-4,400,000.00"
Biotest Vz,2017,4,"18,700,000.00"
Borussia Dortmund,2012,1,"4,200,000.00"
Borussia Dortmund,2012,2,"8,500,000.00"
Borussia Dortmund,2012,3,0.10
Borussia Dortmund,2012,4,"14,700,000.00"
Borussia Dortmund,2013,1,"2,500,000.00"
Borussia Dortmund,2013,2,"11,600,000.00"
Borussia Dortmund,2013,3,"2,100,000.00"
Borussia Dortmund,2013,4,"34,600,000.00"
Borussia Dortmund,2014,1,"1,400,000.00"
Borussia Dortmund,2014,2,"6,700,000.00"
Borussia Dortmund,2014,3,"100,000.00"
Borussia Dortmund,2014,4,"3,500,000.00"
Borussia Dortmund,2015,1,"2,400,000.00"
Borussia Dortmund,2015,2,"1,300,000.00"
Borussia Dortmund,2015,3,"-8,400,000.00"
Borussia Dortmund,2015,4,"10,000,000.00"
Borussia Dortmund,2016,1,"-5,600,000.00"
Borussia Dortmund,2016,2,"900,000.00"
Borussia Dortmund,2016,3,"-8,700,000.00"
Borussia Dortmund,2016,4,"42,600,000.00"
Borussia Dortmund,2017,1,"20,700,000.00"
Borussia Dortmund,2017,2,"-5,100,000.00"
Borussia Dortmund,2017,3,"-14,200,000.00"
Borussia Dortmund,2017,4,"6,800,000.00"
CEWE Stiftung,2012,1,"-7,100,000.00"
CEWE Stiftung,2012,2,"-700,000.00"
CEWE Stiftung,2012,3,"4,600,000.00"
CEWE Stiftung,2012,4,"22,000,000.00"
CEWE Stiftung,2013,1,"-6,800,000.00"
CEWE Stiftung,2013,2,"-4,900,000.00"
CEWE Stiftung,2013,3,"5,200,000.00"
CEWE Stiftung,2013,4,"28,100,000.00"
CEWE Stiftung,2014,1,"-5,100,000.00"
CEWE Stiftung,2014,2,"-2,900,000.00"
CEWE Stiftung,2014,3,"2,700,000.00"
CEWE Stiftung,2014,4,"26,700,000.00"
CEWE Stiftung,2015,1,"-3,600,000.00"
CEWE Stiftung,2015,2,"-2,400,000.00"
CEWE Stiftung,2015,3,"2,900,000.00"
CEWE Stiftung,2015,4,"26,200,000.00"
CEWE Stiftung,2016,1,"600,000.00"
CEWE Stiftung,2016,2,"-500,000.00"
CEWE Stiftung,2016,3,"5,400,000.00"
CEWE Stiftung,2016,4,"24,900,000.00"
CEWE Stiftung,2017,1,"500,000.00"
CEWE Stiftung,2017,2,"-800,000.00"
CEWE Stiftung,2017,3,"2,500,000.00"
CEWE Stiftung,2017,4,"31,400,000.00"
Deutsche Beteiligungs,2012,1,"6,900,000.00"
Deutsche Beteiligungs,2012,2,"20,900,000.00"
Deutsche Beteiligungs,2012,3,"12,300,000.00"
Deutsche Beteiligungs,2012,4,"4,400,000.00"
Deutsche Beteiligungs,2013,1,"7,500,000.00"
Deutsche Beteiligungs,2013,2,"11,500,000.00"
Deutsche Beteiligungs,2013,3,"2,400,000.00"
Deutsche Beteiligungs,2013,4,"10,800,000.00"
Deutsche Beteiligungs,2014,1,"12,400,000.00"
Deutsche Beteiligungs,2014,2,"5,600,000.00"
Deutsche Beteiligungs,2014,3,"21,500,000.00"
Deutsche Beteiligungs,2014,4,"8,300,000.00"
Deutsche Beteiligungs,2015,1,"13,300,000.00"
Deutsche Beteiligungs,2015,2,"8,300,000.00"
Deutsche Beteiligungs,2015,3,"6,700,000.00"
Deutsche Beteiligungs,2015,4,"-1,300,000.00"
Deutsche Beteiligungs,2016,1,"30,800,000.00"
Deutsche Beteiligungs,2016,2,"1,200,000.00"
Deutsche Beteiligungs,2016,3,"-5,700,000.00"
Deutsche Beteiligungs,2016,4,"23,900,000.00"
Deutsche Beteiligungs,2017,1,"14,100,000.00"
Deutsche Beteiligungs,2017,2,"30,000,000.00"
Deutsche Beteiligungs,2017,3,"34,500,000.00"
Deutsche Beteiligungs,2017,4,"11,800,000.00"
Deutz,2012,1,"6,300,000.00"
Deutz,2012,2,"5,800,000.00"
Deutz,2012,3,"100,000.00"
Deutz,2012,4,"8,800,000.00"
Deutz,2013,1,"-6,900,000.00"
Deutz,2013,2,"12,400,000.00"
Deutz,2013,3,"15,500,000.00"
Deutz,2013,4,"15,400,000.00"
Deutz,2014,1,"-500,000.00"
Deutz,2014,2,"3,400,000.00"
Deutz,2014,3,"1,200,000.00"
Deutz,2014,4,"17,100,000.00"
Deutz,2015,1,"8,000,000.00"
Deutz,2015,2,"9,000,000.00"
Deutz,2015,3,"-8,700,000.00"
Deutz,2015,4,"-2,900,000.00"
Deutz,2016,1,"9,200,000.00"
Deutz,2016,2,"11,300,000.00"
Deutz,2016,3,"-1,200,000.00"
Deutz,2016,4,"-2,700,000.00"
Deutz,2017,1,"15,400,000.00"
Deutz,2017,2,"4,400,000.00"
Deutz,2017,3,"1,500,000.00"
Deutz,2017,4,"99,900,000.00"
DIC Asset,2012,1,"2,500,000.00"
DIC Asset,2012,2,"2,500,000.00"
DIC Asset,2012,3,"2,400,000.00"
DIC Asset,2012,4,"4,300,000.00"
DIC Asset,2013,1,"3,700,000.00"
DIC Asset,2013,2,"2,800,000.00"
DIC Asset,2013,3,"4,100,000.00"
DIC Asset,2013,4,"5,300,000.00"
DIC Asset,2014,1,"2,200,000.00"
DIC Asset,2014,2,"2,400,000.00"
DIC Asset,2014,3,"2,100,000.00"
DIC Asset,2014,4,"8,100,000.00"
DIC Asset,2015,1,"1,200,000.00"
DIC Asset,2015,2,"3,500,000.00"
DIC Asset,2015,3,"11,100,000.00"
DIC Asset,2015,4,"4,600,000.00"
DIC Asset,2016,1,"12,000,000.00"
DIC Asset,2016,2,"8,400,000.00"
DIC Asset,2016,3,"2,400,000.00"
DIC Asset,2016,4,"-51,000,000.00"
DIC Asset,2017,1,"7,800,000.00"
DIC Asset,2017,2,"11,200,000.00"
DIC Asset,2017,3,"13,200,000.00"
DIC Asset,2017,4,"31,400,000.00"
DMG Mori,2012,1,"9,500,000.00"
DMG Mori,2012,2,"16,900,000.00"
DMG Mori,2012,3,"23,000,000.00"
DMG Mori,2012,4,"27,900,000.00"
DMG Mori,2013,1,"9,200,000.00"
DMG Mori,2013,2,"18,100,000.00"
DMG Mori,2013,3,"22,500,000.00"
DMG Mori,2013,4,"35,300,000.00"
DMG Mori,2014,1,"16,100,000.00"
DMG Mori,2014,2,"24,100,000.00"
DMG Mori,2014,3,"27,000,000.00"
DMG Mori,2014,4,"43,400,000.00"
DMG Mori,2015,1,"17,700,000.00"
DMG Mori,2015,2,"24,300,000.00"
DMG Mori,2015,3,"26,900,000.00"
DMG Mori,2015,4,"80,500,000.00"
DMG Mori,2016,1,"16,200,000.00"
DMG Mori,2016,2,"21,700,000.00"
DMG Mori,2016,3,"25,800,000.00"
DMG Mori,2016,4,"-18,900,000.00"
DMG Mori,2017,1,"22,800,000.00"
DMG Mori,2017,2,"28,300,000.00"
DMG Mori,2017,3,"28,500,000.00"
DMG Mori,2017,4,"37,800,000.00"
Elringklinger,2012,1,"24,200,000.00"
Elringklinger,2012,2,"25,300,000.00"
Elringklinger,2012,3,"23,200,000.00"
Elringklinger,2012,4,"13,200,000.00"
Elringklinger,2013,1,"23,800,000.00"
Elringklinger,2013,2,"26,200,000.00"
Elringklinger,2013,3,"22,500,000.00"
Elringklinger,2013,4,"32,900,000.00"
Elringklinger,2014,1,"27,900,000.00"
Elringklinger,2014,2,"28,600,000.00"
Elringklinger,2014,3,"32,300,000.00"
Elringklinger,2014,4,"16,900,000.00"
Elringklinger,2015,1,"28,200,000.00"
Elringklinger,2015,2,"21,000,000.00"
Elringklinger,2015,3,"20,000,000.00"
Elringklinger,2015,4,"22,400,000.00"
Elringklinger,2016,1,"17,200,000.00"
Elringklinger,2016,2,"22,600,000.00"
Elringklinger,2016,3,"19,000,000.00"
Elringklinger,2016,4,"19,800,000.00"
Elringklinger,2017,1,"25,100,000.00"
Elringklinger,2017,2,"18,400,000.00"
Elringklinger,2017,3,"16,100,000.00"
Elringklinger,2017,4,"10,300,000.00"
Encavis,2012,1,"-1,800,000.00"
Encavis,2012,2,"7,800,000.00"
Encavis,2012,3,"2,600,000.00"
Encavis,2012,4,0.01
Encavis,2013,1,"2,300,000.00"
Encavis,2013,2,"8,800,000.00"
Encavis,2013,3,"3,600,000.00"
Encavis,2013,4,"-1,300,000.00"
Encavis,2014,1,"5,500,000.00"
Encavis,2014,2,"13,400,000.00"
Encavis,2014,3,"2,500,000.00"
Encavis,2014,4,"4,100,000.00"
Encavis,2015,1,"900,000.00"
Encavis,2015,2,"14,000,000.00"
Encavis,2015,3,"16,500,000.00"
Encavis,2015,4,"-12,700,000.00"
Encavis,2016,1,"-8,800,000.00"
Encavis,2016,2,"5,900,000.00"
Encavis,2016,3,"15,800,000.00"
Encavis,2016,4,"-1,500,000.00"
Encavis,2017,1,"4,500,000.00"
Encavis,2017,2,"15,700,000.00"
Encavis,2017,3,"14,800,000.00"
Encavis,2017,4,"-9,300,000.00"
Gerry Weber,2012,1,"11,500,000.00"
Gerry Weber,2012,2,"20,100,000.00"
Gerry Weber,2012,3,"12,900,000.00"
Gerry Weber,2012,4,"34,300,000.00"
Gerry Weber,2013,1,"11,500,000.00"
Gerry Weber,2013,2,"17,800,000.00"
Gerry Weber,2013,3,"11,500,000.00"
Gerry Weber,2013,4,"30,200,000.00"
Gerry Weber,2014,1,"11,600,000.00"
Gerry Weber,2014,2,"21,100,000.00"
Gerry Weber,2014,3,"10,400,000.00"
Gerry Weber,2014,4,"28,300,000.00"
Gerry Weber,2015,1,"10,500,000.00"
Gerry Weber,2015,2,"11,400,000.00"
Gerry Weber,2015,3,"300,000.00"
Gerry Weber,2015,4,"30,000,000.00"
Gerry Weber,2016,1,"1,200,000.00"
Gerry Weber,2016,2,"1,800,000.00"
Gerry Weber,2016,3,"-7,000,000.00"
Gerry Weber,2016,4,"4,500,000.00"
Gerry Weber,2017,1,"1,200,000.00"
Gerry Weber,2017,2,"500,000.00"
Gerry Weber,2017,3,"-5,100,000.00"
Gerry Weber,2017,4,"2,600,000.00"
Grammer,2012,1,"7,700,000.00"
Grammer,2012,2,"4,700,000.00"
Grammer,2012,3,"5,400,000.00"
Grammer,2012,4,"6,600,000.00"
Grammer,2013,1,"8,000,000.00"
Grammer,2013,2,"9,300,000.00"
Grammer,2013,3,"6,800,000.00"
Grammer,2013,4,"5,500,000.00"
Grammer,2014,1,"8,700,000.00"
Grammer,2014,2,"9,600,000.00"
Grammer,2014,3,"8,300,000.00"
Grammer,2014,4,"7,000,000.00"
Grammer,2015,1,"9,700,000.00"
Grammer,2015,2,"3,900,000.00"
Grammer,2015,3,"3,000,000.00"
Grammer,2015,4,"7,200,000.00"
Grammer,2016,1,"7,500,000.00"
Grammer,2016,2,"13,600,000.00"
Grammer,2016,3,"4,300,000.00"
Grammer,2016,4,"19,600,000.00"
Grammer,2017,1,"14,000,000.00"
Grammer,2017,2,"6,100,000.00"
Grammer,2017,3,"5,700,000.00"
Grammer,2017,4,"6,700,000.00"
Grenke,2012,1,"9,400,000.00"
Grenke,2012,2,"10,200,000.00"
Grenke,2012,3,"10,600,000.00"
Grenke,2012,4,"12,300,000.00"
Grenke,2013,1,"11,500,000.00"
Grenke,2013,2,"10,900,000.00"
Grenke,2013,3,"12,800,000.00"
Grenke,2013,4,"11,800,000.00"
Grenke,2014,1,"14,500,000.00"
Grenke,2014,2,"16,700,000.00"
Grenke,2014,3,"17,100,000.00"
Grenke,2014,4,"16,700,000.00"
Grenke,2015,1,"18,400,000.00"
Grenke,2015,2,"20,100,000.00"
Grenke,2015,3,"21,200,000.00"
Grenke,2015,4,"21,100,000.00"
Grenke,2016,1,"22,500,000.00"
Grenke,2016,2,"27,000,000.00"
Grenke,2016,3,"26,300,000.00"
Grenke,2016,4,"27,400,000.00"
Grenke,2017,1,"28,800,000.00"
Grenke,2017,2,"30,100,000.00"
Grenke,2017,3,"32,000,000.00"
Grenke,2017,4,"34,100,000.00"
Hamborner REIT,2012,1,"1,900,000.00"
Hamborner REIT,2012,2,"1,900,000.00"
Hamborner REIT,2012,3,"2,000,000.00"
Hamborner REIT,2012,4,"1,900,000.00"
Hamborner REIT,2013,1,"3,700,000.00"
Hamborner REIT,2013,2,"1,900,000.00"
Hamborner REIT,2013,3,"2,100,000.00"
Hamborner REIT,2013,4,"800,000.00"
Hamborner REIT,2014,1,"6,300,000.00"
Hamborner REIT,2014,2,"5,500,000.00"
Hamborner REIT,2014,3,"4,400,000.00"
Hamborner REIT,2014,4,"900,000.00"
Hamborner REIT,2015,1,"2,400,000.00"
Hamborner REIT,2015,2,"2,600,000.00"
Hamborner REIT,2015,3,"3,600,000.00"
Hamborner REIT,2015,4,"5,200,000.00"
Hamborner REIT,2016,1,"6,100,000.00"
Hamborner REIT,2016,2,"2,700,000.00"
Hamborner REIT,2016,3,"5,300,000.00"
Hamborner REIT,2016,4,"3,300,000.00"
Hamborner REIT,2017,1,"4,400,000.00"
Hamborner REIT,2017,2,"6,500,000.00"
Hamborner REIT,2017,3,"4,800,000.00"
Hamborner REIT,2017,4,"2,000,000.00"
Heidelberger Druckmaschinen,2012,1,"-46,100,000.00"
Heidelberger Druckmaschinen,2012,2,"-19,500,000.00"
Heidelberger Druckmaschinen,2012,3,"-13,800,000.00"
Heidelberger Druckmaschinen,2012,4,"-150,700,000.00"
Heidelberger Druckmaschinen,2013,1,"-73,700,000.00"
Heidelberger Druckmaschinen,2013,2,"-30,100,000.00"
Heidelberger Druckmaschinen,2013,3,"15,600,000.00"
Heidelberger Druckmaschinen,2013,4,"-21,700,000.00"
Heidelberger Druckmaschinen,2014,1,"-38,500,000.00"
Heidelberger Druckmaschinen,2014,2,"-8,900,000.00"
Heidelberger Druckmaschinen,2014,3,"7,500,000.00"
Heidelberger Druckmaschinen,2014,4,"43,500,000.00"
Heidelberger Druckmaschinen,2015,1,"-34,000,000.00"
Heidelberger Druckmaschinen,2015,2,"-7,900,000.00"
Heidelberger Druckmaschinen,2015,3,"-53,400,000.00"
Heidelberger Druckmaschinen,2015,4,"22,900,000.00"
Heidelberger Druckmaschinen,2016,1,"-4,100,000.00"
Heidelberger Druckmaschinen,2016,2,"-9,500,000.00"
Heidelberger Druckmaschinen,2016,3,"6,800,000.00"
Heidelberger Druckmaschinen,2016,4,"34,900,000.00"
Heidelberger Druckmaschinen,2017,1,"-37,000,000.00"
Heidelberger Druckmaschinen,2017,2,"9,300,000.00"
Heidelberger Druckmaschinen,2017,3,"17,700,000.00"
Heidelberger Druckmaschinen,2017,4,"46,200,000.00"
HHLA,2012,1,"9,700,000.00"
HHLA,2012,2,"32,300,000.00"
HHLA,2012,3,"22,000,000.00"
HHLA,2012,4,"8,400,000.00"
HHLA,2013,1,"14,400,000.00"
HHLA,2013,2,"14,600,000.00"
HHLA,2013,3,"15,600,000.00"
HHLA,2013,4,"9,700,000.00"
HHLA,2014,1,"10,500,000.00"
HHLA,2014,2,"15,600,000.00"
HHLA,2014,3,"20,900,000.00"
HHLA,2014,4,"11,900,000.00"
HHLA,2015,1,"12,600,000.00"
HHLA,2015,2,"24,900,000.00"
HHLA,2015,3,"18,400,000.00"
HHLA,2015,4,"10,800,000.00"
HHLA,2016,1,"18,100,000.00"
HHLA,2016,2,"7,700,000.00"
HHLA,2016,3,"35,100,000.00"
HHLA,2016,4,"12,100,000.00"
HHLA,2017,1,"24,400,000.00"
HHLA,2017,2,"28,200,000.00"
HHLA,2017,3,"26,700,000.00"
HHLA,2017,4,"1,800,000.00"
Hornbach Holding,2012,1,"39,000,000.00"
Hornbach Holding,2012,2,"39,300,000.00"
Hornbach Holding,2012,3,"15,900,000.00"
Hornbach Holding,2012,4,"-17,800,000.00"
Hornbach Holding,2013,1,"37,200,000.00"
Hornbach Holding,2013,2,"39,800,000.00"
Hornbach Holding,2013,3,"6,600,000.00"
Hornbach Holding,2013,4,"-18,600,000.00"
Hornbach Holding,2014,1,"25,700,000.00"
Hornbach Holding,2014,2,"44,400,000.00"
Hornbach Holding,2014,3,"16,300,000.00"
Hornbach Holding,2014,4,"-13,700,000.00"
Hornbach Holding,2015,1,"44,100,000.00"
Hornbach Holding,2015,2,"33,800,000.00"
Hornbach Holding,2015,3,"19,400,000.00"
Hornbach Holding,2015,4,"-7,000,000.00"
Hornbach Holding,2016,1,"41,400,000.00"
Hornbach Holding,2016,2,"42,300,000.00"
Hornbach Holding,2016,3,"11,300,000.00"
Hornbach Holding,2016,4,"-14,400,000.00"
Hornbach Holding,2017,1,"41,000,000.00"
Hornbach Holding,2017,2,"41,500,000.00"
Hornbach Holding,2017,3,"14,500,000.00"
Hornbach Holding,2017,4,"-19,600,000.00"
Hypoport,2012,1,"500,000.00"
Hypoport,2012,2,"1,000,000.00"
Hypoport,2012,3,0.01
Hypoport,2012,4,"-2,300,000.00"
Hypoport,2013,1,"500,000.00"
Hypoport,2013,2,"900,000.00"
Hypoport,2013,3,"2,200,000.00"
Hypoport,2013,4,"-500,000.00"
Hypoport,2014,1,"2,600,000.00"
Hypoport,2014,2,"800,000.00"
Hypoport,2014,3,"1,300,000.00"
Hypoport,2014,4,"1,200,000.00"
Hypoport,2015,1,"3,000,000.00"
Hypoport,2015,2,"4,300,000.00"
Hypoport,2015,3,"4,400,000.00"
Hypoport,2015,4,"4,200,000.00"
Hypoport,2016,1,"4,300,000.00"
Hypoport,2016,2,"4,400,000.00"
Hypoport,2016,3,"4,400,000.00"
Hypoport,2016,4,"4,900,000.00"
Hypoport,2017,1,"5,400,000.00"
Hypoport,2017,2,"5,200,000.00"
Hypoport,2017,3,"4,200,000.00"
Hypoport,2017,4,"3,600,000.00"
Indus Holding,2012,1,"11,300,000.00"
Indus Holding,2012,2,"12,200,000.00"
Indus Holding,2012,3,"14,300,000.00"
Indus Holding,2012,4,"14,300,000.00"
Indus Holding,2013,1,"12,300,000.00"
Indus Holding,2013,2,"13,800,000.00"
Indus Holding,2013,3,"17,400,000.00"
Indus Holding,2013,4,"20,400,000.00"
Indus Holding,2014,1,"13,100,000.00"
Indus Holding,2014,2,"14,700,000.00"
Indus Holding,2014,3,"17,900,000.00"
Indus Holding,2014,4,"17,400,000.00"
Indus Holding,2015,1,"15,800,000.00"
Indus Holding,2015,2,"16,100,000.00"
Indus Holding,2015,3,"19,300,000.00"
Indus Holding,2015,4,"16,700,000.00"
Indus Holding,2016,1,"15,900,000.00"
Indus Holding,2016,2,"20,700,000.00"
Indus Holding,2016,3,"19,700,000.00"
Indus Holding,2016,4,"23,700,000.00"
Indus Holding,2017,1,"18,400,000.00"
Indus Holding,2017,2,"20,300,000.00"
Indus Holding,2017,3,"23,000,000.00"
Indus Holding,2017,4,"20,600,000.00"
Kloeckner,2012,1,"-10,000,000.00"
Kloeckner,2012,2,"-37,700,000.00"
Kloeckner,2012,3,"-27,200,000.00"
Kloeckner,2012,4,"-120,000,000.00"
Kloeckner,2013,1,"-15,700,000.00"
Kloeckner,2013,2,"-3,700,000.00"
Kloeckner,2013,3,"-11,400,000.00"
Kloeckner,2013,4,"-53,800,000.00"
Kloeckner,2014,1,"2,800,000.00"
Kloeckner,2014,2,"9,900,000.00"
Kloeckner,2014,3,"14,500,000.00"
Kloeckner,2014,4,"-4,900,000.00"
Kloeckner,2015,1,"-21,500,000.00"
Kloeckner,2015,2,"-53,800,000.00"
Kloeckner,2015,3,"-8,900,000.00"
Kloeckner,2015,4,"-262,500,000.00"
Kloeckner,2016,1,"-13,900,000.00"
Kloeckner,2016,2,"32,100,000.00"
Kloeckner,2016,3,"31,000,000.00"
Kloeckner,2016,4,"-12,400,000.00"
Kloeckner,2017,1,"35,600,000.00"
Kloeckner,2017,2,"23,300,000.00"
Kloeckner,2017,3,"12,400,000.00"
Kloeckner,2017,4,"29,800,000.00"
Koenig + Bauer St,2012,1,"-800,000.00"
Koenig + Bauer St,2012,2,"5,300,000.00"
Koenig + Bauer St,2012,3,"1,400,000.00"
Koenig + Bauer St,2012,4,"-3,600,000.00"
Koenig + Bauer St,2013,1,"-18,500,000.00"
Koenig + Bauer St,2013,2,"7,900,000.00"
Koenig + Bauer St,2013,3,"-9,600,000.00"
Koenig + Bauer St,2013,4,"-133,500,000.00"
Koenig + Bauer St,2014,1,"-14,000,000.00"
Koenig + Bauer St,2014,2,"10,700,000.00"
Koenig + Bauer St,2014,3,"1,300,000.00"
Koenig + Bauer St,2014,4,"2,500,000.00"
Koenig + Bauer St,2015,1,"-16,700,000.00"
Koenig + Bauer St,2015,2,"7,600,000.00"
Koenig + Bauer St,2015,3,"11,700,000.00"
Koenig + Bauer St,2015,4,"24,200,000.00"
Koenig + Bauer St,2016,1,"1,800,000.00"
Koenig + Bauer St,2016,2,"15,600,000.00"
Koenig + Bauer St,2016,3,"15,300,000.00"
Koenig + Bauer St,2016,4,"49,600,000.00"
Koenig + Bauer St,2017,1,"4,900,000.00"
Koenig + Bauer St,2017,2,"10,500,000.00"
Koenig + Bauer St,2017,3,"14,300,000.00"
Koenig + Bauer St,2017,4,"51,400,000.00"
KWS Saat,2012,1,"-18,300,000.00"
KWS Saat,2012,2,"-8,700,000.00"
KWS Saat,2012,3,"146,000,000.00"
KWS Saat,2012,4,"-27,400,000.00"
KWS Saat,2013,1,"-19,500,000.00"
KWS Saat,2013,2,"-31,600,000.00"
KWS Saat,2013,3,"169,400,000.00"
KWS Saat,2013,4,"-30,400,000.00"
KWS Saat,2014,1,"-32,000,000.00"
KWS Saat,2014,2,"-41,400,000.00"
KWS Saat,2014,3,"188,400,000.00"
KWS Saat,2014,4,"-37,900,000.00"
KWS Saat,2015,1,"-35,000,000.00"
KWS Saat,2015,2,"-45,300,000.00"
KWS Saat,2015,3,"181,300,000.00"
KWS Saat,2015,4,"-17,000,000.00"
KWS Saat,2016,1,"-43,900,000.00"
KWS Saat,2016,2,"-51,300,000.00"
KWS Saat,2016,3,"191,800,000.00"
KWS Saat,2016,4,"-11,300,000.00"
KWS Saat,2017,1,"-34,500,000.00"
KWS Saat,2017,2,"-29,700,000.00"
KWS Saat,2017,3,"192,700,000.00"
KWS Saat,2017,4,"-30,800,000.00"
MLP,2012,1,"9,400,000.00"
MLP,2012,2,"800,000.00"
MLP,2012,3,"8,300,000.00"
MLP,2012,4,"34,200,000.00"
MLP,2013,1,"3,200,000.00"
MLP,2013,2,"1,100,000.00"
MLP,2013,3,"5,300,000.00"
MLP,2013,4,"15,900,000.00"
MLP,2014,1,"3,400,000.00"
MLP,2014,2,"1,100,000.00"
MLP,2014,3,"3,400,000.00"
MLP,2014,4,"21,100,000.00"
MLP,2015,1,"5,200,000.00"
MLP,2015,2,"1,300,000.00"
MLP,2015,3,"-2,900,000.00"
MLP,2015,4,"16,200,000.00"
MLP,2016,1,"6,200,000.00"
MLP,2016,2,"-600,000.00"
MLP,2016,3,"4,000,000.00"
MLP,2016,4,"5,100,000.00"
MLP,2017,1,"8,600,000.00"
MLP,2017,2,"2,000,000.00"
MLP,2017,3,"600,000.00"
MLP,2017,4,"16,600,000.00"
Patrizia Immobilien,2012,1,"3,200,000.00"
Patrizia Immobilien,2012,2,"2,100,000.00"
Patrizia Immobilien,2012,3,"6,400,000.00"
Patrizia Immobilien,2012,4,"13,800,000.00"
Patrizia Immobilien,2013,1,"5,200,000.00"
Patrizia Immobilien,2013,2,"12,600,000.00"
Patrizia Immobilien,2013,3,"1,900,000.00"
Patrizia Immobilien,2013,4,"17,500,000.00"
Patrizia Immobilien,2014,1,"12,000,000.00"
Patrizia Immobilien,2014,2,"3,300,000.00"
Patrizia Immobilien,2014,3,"-400,000.00"
Patrizia Immobilien,2014,4,"20,100,000.00"
Patrizia Immobilien,2015,1,"2,900,000.00"
Patrizia Immobilien,2015,2,"7,300,000.00"
Patrizia Immobilien,2015,3,"82,200,000.00"
Patrizia Immobilien,2015,4,"42,100,000.00"
Patrizia Immobilien,2016,1,"213,100,000.00"
Patrizia Immobilien,2016,2,"-1,400,000.00"
Patrizia Immobilien,2016,3,"7,800,000.00"
Patrizia Immobilien,2016,4,"36,800,000.00"
Patrizia Immobilien,2017,1,"5,900,000.00"
Patrizia Immobilien,2017,2,"18,400,000.00"
Patrizia Immobilien,2017,3,"6,000,000.00"
Patrizia Immobilien,2017,4,"28,600,000.00"
Puma,2012,1,"73,900,000.00"
Puma,2012,2,"26,700,000.00"
Puma,2012,3,"12,200,000.00"
Puma,2012,4,"-42,600,000.00"
Puma,2013,1,"50,300,000.00"
Puma,2013,2,"17,500,000.00"
Puma,2013,3,"52,700,000.00"
Puma,2013,4,"-115,200,000.00"
Puma,2014,1,"35,600,000.00"
Puma,2014,2,"4,200,000.00"
Puma,2014,3,"28,900,000.00"
Puma,2014,4,"-4,600,000.00"
Puma,2015,1,"24,800,000.00"
Puma,2015,2,"-3,300,000.00"
Puma,2015,3,"20,000,000.00"
Puma,2015,4,"-4,400,000.00"
Puma,2016,1,"25,800,000.00"
Puma,2016,2,"1,600,000.00"
Puma,2016,3,"39,500,000.00"
Puma,2016,4,"-4,500,000.00"
Puma,2017,1,"49,600,000.00"
Puma,2017,2,"21,900,000.00"
Puma,2017,3,"62,100,000.00"
Puma,2017,4,"2,200,000.00"
Rational,2012,1,"17,200,000.00"
Rational,2012,2,"23,700,000.00"
Rational,2012,3,"27,300,000.00"
Rational,2012,4,"25,100,000.00"
Rational,2013,1,"18,700,000.00"
Rational,2013,2,"19,500,000.00"
Rational,2013,3,"27,500,000.00"
Rational,2013,4,"31,500,000.00"
Rational,2014,1,"15,700,000.00"
Rational,2014,2,"26,600,000.00"
Rational,2014,3,"33,000,000.00"
Rational,2014,4,"34,800,000.00"
Rational,2015,1,"26,600,000.00"
Rational,2015,2,"29,500,000.00"
Rational,2015,3,"32,500,000.00"
Rational,2015,4,"33,200,000.00"
Rational,2016,1,"24,500,000.00"
Rational,2016,2,"31,600,000.00"
Rational,2016,3,"32,700,000.00"
Rational,2016,4,"38,300,000.00"
Rational,2017,1,"33,700,000.00"
Rational,2017,2,"30,300,000.00"
Rational,2017,3,"37,000,000.00"
Rational,2017,4,"42,000,000.00"
Rhoen-Klinikum,2012,1,"33,200,000.00"
Rhoen-Klinikum,2012,2,"15,500,000.00"
Rhoen-Klinikum,2012,3,"19,500,000.00"
Rhoen-Klinikum,2012,4,"21,500,000.00"
Rhoen-Klinikum,2013,1,"23,700,000.00"
Rhoen-Klinikum,2013,2,"25,200,000.00"
Rhoen-Klinikum,2013,3,"17,100,000.00"
Rhoen-Klinikum,2013,4,"20,600,000.00"
Rhoen-Klinikum,2014,1,"1,396,000,000.00"
Rhoen-Klinikum,2014,2,"-184,000,000.00"
Rhoen-Klinikum,2014,3,"12,000,000.00"
Rhoen-Klinikum,2014,4,"2,000,000.00"
Rhoen-Klinikum,2015,1,"32,200,000.00"
Rhoen-Klinikum,2015,2,"16,400,000.00"
Rhoen-Klinikum,2015,3,"15,900,000.00"
Rhoen-Klinikum,2015,4,"20,900,000.00"
Rhoen-Klinikum,2016,1,"49,900,000.00"
Rhoen-Klinikum,2016,2,"18,200,000.00"
Rhoen-Klinikum,2016,3,"12,300,000.00"
Rhoen-Klinikum,2016,4,"-24,000,000.00"
Rhoen-Klinikum,2017,1,"7,900,000.00"
Rhoen-Klinikum,2017,2,"8,100,000.00"
Rhoen-Klinikum,2017,3,"9,600,000.00"
Rhoen-Klinikum,2017,4,"9,600,000.00"
SAF Holland,2012,1,"3,900,000.00"
SAF Holland,2012,2,"7,800,000.00"
SAF Holland,2012,3,"4,900,000.00"
SAF Holland,2012,4,"-9,200,000.00"
SAF Holland,2013,1,"7,200,000.00"
SAF Holland,2013,2,"5,800,000.00"
SAF Holland,2013,3,"5,100,000.00"
SAF Holland,2013,4,"6,300,000.00"
SAF Holland,2014,1,"8,300,000.00"
SAF Holland,2014,2,"9,200,000.00"
SAF Holland,2014,3,"11,200,000.00"
SAF Holland,2014,4,"3,900,000.00"
SAF Holland,2015,1,"18,000,000.00"
SAF Holland,2015,2,"12,200,000.00"
SAF Holland,2015,3,"11,800,000.00"
SAF Holland,2015,4,"9,600,000.00"
SAF Holland,2016,1,"11,300,000.00"
SAF Holland,2016,2,"14,700,000.00"
SAF Holland,2016,3,"10,800,000.00"
SAF Holland,2016,4,"7,400,000.00"
SAF Holland,2017,1,"11,600,000.00"
SAF Holland,2017,2,"12,100,000.00"
SAF Holland,2017,3,"7,600,000.00"
SAF Holland,2017,4,"11,600,000.00"
SGL Carbon,2012,1,"14,100,000.00"
SGL Carbon,2012,2,"9,600,000.00"
SGL Carbon,2012,3,"-22,800,000.00"
SGL Carbon,2012,4,"6,300,000.00"
SGL Carbon,2013,1,"-9,400,000.00"
SGL Carbon,2013,2,"-233,600,000.00"
SGL Carbon,2013,3,"-34,800,000.00"
SGL Carbon,2013,4,"-118,600,000.00"
SGL Carbon,2014,1,"-22,800,000.00"
SGL Carbon,2014,2,"-37,700,000.00"
SGL Carbon,2014,3,"-29,400,000.00"
SGL Carbon,2014,4,"-157,100,000.00"
SGL Carbon,2015,1,"-16,500,000.00"
SGL Carbon,2015,2,"-68,500,000.00"
SGL Carbon,2015,3,"-20,600,000.00"
SGL Carbon,2015,4,"-189,400,000.00"
SGL Carbon,2016,1,"-26,400,000.00"
SGL Carbon,2016,2,"-46,800,000.00"
SGL Carbon,2016,3,"-50,900,000.00"
SGL Carbon,2016,4,"12,400,000.00"
SGL Carbon,2017,1,"-300,000.00"
SGL Carbon,2017,2,"-3,300,000.00"
SGL Carbon,2017,3,"8,900,000.00"
SGL Carbon,2017,4,"133,600,000.00"
Sixt St,2012,1,"17,900,000.00"
Sixt St,2012,2,"26,000,000.00"
Sixt St,2012,3,"28,400,000.00"
Sixt St,2012,4,"6,900,000.00"
Sixt St,2013,1,"15,400,000.00"
Sixt St,2013,2,"25,300,000.00"
Sixt St,2013,3,"38,700,000.00"
Sixt St,2013,4,"15,400,000.00"
Sixt St,2014,1,"18,900,000.00"
Sixt St,2014,2,"28,300,000.00"
Sixt St,2014,3,"44,800,000.00"
Sixt St,2014,4,"18,000,000.00"
Sixt St,2015,1,"20,900,000.00"
Sixt St,2015,2,"27,300,000.00"
Sixt St,2015,3,"51,700,000.00"
Sixt St,2015,4,"15,200,000.00"
Sixt St,2016,1,"17,500,000.00"
Sixt St,2016,2,"32,200,000.00"
Sixt St,2016,3,"62,700,000.00"
Sixt St,2016,4,"29,900,000.00"
Sixt St,2017,1,"22,100,000.00"
Sixt St,2017,2,"43,600,000.00"
Sixt St,2017,3,"85,400,000.00"
Sixt St,2017,4,"41,000,000.00"
Takkt,2012,1,"22,900,000.00"
Takkt,2012,2,"15,200,000.00"
Takkt,2012,3,"18,200,000.00"
Takkt,2012,4,"10,700,000.00"
Takkt,2013,1,"17,900,000.00"
Takkt,2013,2,"13,800,000.00"
Takkt,2013,3,"16,600,000.00"
Takkt,2013,4,"4,200,000.00"
Takkt,2014,1,"18,500,000.00"
Takkt,2014,2,"15,000,000.00"
Takkt,2014,3,"17,400,000.00"
Takkt,2014,4,"14,800,000.00"
Takkt,2015,1,"25,100,000.00"
Takkt,2015,2,"16,700,000.00"
Takkt,2015,3,"19,900,000.00"
Takkt,2015,4,"19,300,000.00"
Takkt,2016,1,"25,500,000.00"
Takkt,2016,2,"26,900,000.00"
Takkt,2016,3,"22,600,000.00"
Takkt,2016,4,"16,400,000.00"
Takkt,2017,1,"24,000,000.00"
Takkt,2017,2,"18,300,000.00"
Takkt,2017,3,"19,600,000.00"
Takkt,2017,4,"34,400,000.00"
Vossloh,2012,1,"4,200,000.00"
Vossloh,2012,2,"10,400,000.00"
Vossloh,2012,3,"16,800,000.00"
Vossloh,2012,4,"27,800,000.00"
Vossloh,2013,1,"2,000,000.00"
Vossloh,2013,2,"-5,700,000.00"
Vossloh,2013,3,"8,000,000.00"
Vossloh,2013,4,"10,700,000.00"
Vossloh,2014,1,"2,100,000.00"
Vossloh,2014,2,"-155,400,000.00"
Vossloh,2014,3,"-18,400,000.00"
Vossloh,2014,4,"-42,200,000.00"
Vossloh,2015,1,"1,600,000.00"
Vossloh,2015,2,"4,200,000.00"
Vossloh,2015,3,"1,000,000.00"
Vossloh,2015,4,"65,400,000.00"
Vossloh,2016,1,"1,000,000.00"
Vossloh,2016,2,"9,700,000.00"
Vossloh,2016,3,"-8,800,000.00"
Vossloh,2016,4,"1,400,000.00"
Vossloh,2017,1,"1,900,000.00"
Vossloh,2017,2,"7,100,000.00"
Vossloh,2017,3,"5,700,000.00"
Vossloh,2017,4,"-22,700,000.00"
VTG,2012,1,"1,600,000.00"
VTG,2012,2,"1,500,000.00"
VTG,2012,3,"4,000,000.00"
VTG,2012,4,"1,600,000.00"
VTG,2013,1,"3,800,000.00"
VTG,2013,2,"3,300,000.00"
VTG,2013,3,"3,700,000.00"
VTG,2013,4,"4,400,000.00"
VTG,2014,1,"3,500,000.00"
VTG,2014,2,"5,000,000.00"
VTG,2014,3,"5,300,000.00"
VTG,2014,4,"6,000,000.00"
VTG,2015,1,"5,900,000.00"
VTG,2015,2,"12,200,000.00"
VTG,2015,3,"7,900,000.00"
VTG,2015,4,"-4,400,000.00"
VTG,2016,1,"8,700,000.00"
VTG,2016,2,"14,900,000.00"
VTG,2016,3,"3,200,000.00"
VTG,2016,4,"18,200,000.00"
VTG,2017,1,"9,600,000.00"
VTG,2017,2,"11,700,000.00"
VTG,2017,3,"13,400,000.00"
VTG,2017,4,"20,900,000.00"
Wacker Neuson,2012,1,"17,100,000.00"
Wacker Neuson,2012,2,"13,800,000.00"
Wacker Neuson,2012,3,"13,500,000.00"
Wacker Neuson,2012,4,"9,700,000.00"
Wacker Neuson,2013,1,"6,400,000.00"
Wacker Neuson,2013,2,"18,500,000.00"
Wacker Neuson,2013,3,"16,900,000.00"
Wacker Neuson,2013,4,"19,400,000.00"
Wacker Neuson,2014,1,"14,300,000.00"
Wacker Neuson,2014,2,"28,200,000.00"
Wacker Neuson,2014,3,"26,500,000.00"
Wacker Neuson,2014,4,"22,500,000.00"
Wacker Neuson,2015,1,"21,300,000.00"
Wacker Neuson,2015,2,"23,900,000.00"
Wacker Neuson,2015,3,"8,500,000.00"
Wacker Neuson,2015,4,"12,500,000.00"
Wacker Neuson,2016,1,"11,100,000.00"
Wacker Neuson,2016,2,"22,600,000.00"
Wacker Neuson,2016,3,"12,000,000.00"
Wacker Neuson,2016,4,"11,100,000.00"
Wacker Neuson,2017,1,"9,100,000.00"
Wacker Neuson,2017,2,"29,500,000.00"
Wacker Neuson,2017,3,"31,900,000.00"
Wacker Neuson,2017,4,"17,000,000.00"
WashTec,2012,1,"-600,000.00"
WashTec,2012,2,"3,100,000.00"
WashTec,2012,3,"-100,000.00"
WashTec,2012,4,"7,700,000.00"
WashTec,2013,1,"-1,600,000.00"
WashTec,2013,2,"2,400,000.00"
WashTec,2013,3,"4,800,000.00"
WashTec,2013,4,"5,600,000.00"
WashTec,2014,1,"-600,000.00"
WashTec,2014,2,"4,300,000.00"
WashTec,2014,3,"3,900,000.00"
WashTec,2014,4,"5,100,000.00"
WashTec,2015,1,"2,500,000.00"
WashTec,2015,2,"6,300,000.00"
WashTec,2015,3,"6,700,000.00"
WashTec,2015,4,"9,100,000.00"
WashTec,2016,1,"2,600,000.00"
WashTec,2016,2,"8,100,000.00"
WashTec,2016,3,"6,700,000.00"
WashTec,2016,4,"13,200,000.00"
WashTec,2017,1,"8,600,000.00"
WashTec,2017,2,"8,800,000.00"
WashTec,2017,3,"8,800,000.00"
WashTec,2017,4,"10,700,000.00"
Wuestenrot & Wuerttembergische,2012,1,"61,600,000.00"
Wuestenrot & Wuerttembergische,2012,2,"61,200,000.00"
Wuestenrot & Wuerttembergische,2012,3,"52,800,000.00"
Wuestenrot & Wuerttembergische,2012,4,"47,200,000.00"
Wuestenrot & Wuerttembergische,2013,1,"33,900,000.00"
Wuestenrot & Wuerttembergische,2013,2,"84,300,000.00"
Wuestenrot & Wuerttembergische,2013,3,"-19,400,000.00"
Wuestenrot & Wuerttembergische,2013,4,"44,300,000.00"
Wuestenrot & Wuerttembergische,2014,1,"51,900,000.00"
Wuestenrot & Wuerttembergische,2014,2,"74,100,000.00"
Wuestenrot & Wuerttembergische,2014,3,"60,500,000.00"
Wuestenrot & Wuerttembergische,2014,4,"46,900,000.00"
Wuestenrot & Wuerttembergische,2015,1,"53,500,000.00"
Wuestenrot & Wuerttembergische,2015,2,"88,500,000.00"
Wuestenrot & Wuerttembergische,2015,3,"56,000,000.00"
Wuestenrot & Wuerttembergische,2015,4,"72,400,000.00"
Wuestenrot & Wuerttembergische,2016,1,"62,400,000.00"
Wuestenrot & Wuerttembergische,2016,2,"57,700,000.00"
Wuestenrot & Wuerttembergische,2016,3,"58,000,000.00"
Wuestenrot & Wuerttembergische,2016,4,"54,800,000.00"
Wuestenrot & Wuerttembergische,2017,1,"69,500,000.00"
Wuestenrot & Wuerttembergische,2017,2,"84,700,000.00"
Wuestenrot & Wuerttembergische,2017,3,"59,500,000.00"
Wuestenrot & Wuerttembergische,2017,4,"42,900,000.00"
zooplus,2012,1,"100,000.00"
zooplus,2012,2,"-700,000.00"
zooplus,2012,3,"-1,300,000.00"
zooplus,2012,4,"-200,000.00"
zooplus,2013,1,"-600,000.00"
zooplus,2013,2,0.01
zooplus,2013,3,"900,000.00"
zooplus,2013,4,"1,500,000.00"
zooplus,2014,1,"700,000.00"
zooplus,2014,2,"1,300,000.00"
zooplus,2014,3,"1,900,000.00"
zooplus,2014,4,"1,300,000.00"
zooplus,2015,1,"900,000.00"
zooplus,2015,2,"1,200,000.00"
zooplus,2015,3,"3,600,000.00"
zooplus,2015,4,"2,200,000.00"
zooplus,2016,1,"1,800,000.00"
zooplus,2016,2,"1,300,000.00"
zooplus,2016,3,"3,900,000.00"
zooplus,2016,4,"4,400,000.00"
zooplus,2017,1,"2,000,000.00"
zooplus,2017,2,"800,000.00"
zooplus,2017,3,"-800,000.00"
zooplus,2017,4,"-100,000.00"
1&1 Drillisch,2012,1,"2,800,000.00"
1&1 Drillisch,2012,2,"3,900,000.00"
1&1 Drillisch,2012,3,"10,400,000.00"
1&1 Drillisch,2012,4,"6,400,000.00"
1&1 Drillisch,2013,1,"124,200,000.00"
1&1 Drillisch,2013,2,"17,600,000.00"
1&1 Drillisch,2013,3,"7,800,000.00"
1&1 Drillisch,2013,4,"6,200,000.00"
1&1 Drillisch,2014,1,"12,200,000.00"
1&1 Drillisch,2014,2,"13,200,000.00"
1&1 Drillisch,2014,3,"13,300,000.00"
1&1 Drillisch,2014,4,"11,400,000.00"
1&1 Drillisch,2015,1,"15,800,000.00"
1&1 Drillisch,2015,2,"15,300,000.00"
1&1 Drillisch,2015,3,"16,500,000.00"
1&1 Drillisch,2015,4,"-1,500,000.00"
1&1 Drillisch,2016,1,"7,500,000.00"
1&1 Drillisch,2016,2,"9,700,000.00"
1&1 Drillisch,2016,3,"9,700,000.00"
1&1 Drillisch,2016,4,"-500,000.00"
1&1 Drillisch,2017,1,"13,700,000.00"
1&1 Drillisch,2017,2,"9,100,000.00"
1&1 Drillisch,2017,3,"396,400,000.00"
1&1 Drillisch,2017,4,"45,500,000.00"
ADVA Optical Network,2012,1,"4,000,000.00"
ADVA Optical Network,2012,2,"5,100,000.00"
ADVA Optical Network,2012,3,"3,500,000.00"
ADVA Optical Network,2012,4,"4,100,000.00"
ADVA Optical Network,2013,1,"800,000.00"
ADVA Optical Network,2013,2,"100,000.00"
ADVA Optical Network,2013,3,"2,300,000.00"
ADVA Optical Network,2013,4,"2,300,000.00"
ADVA Optical Network,2014,1,"-400,000.00"
ADVA Optical Network,2014,2,0.01
ADVA Optical Network,2014,3,"4,400,000.00"
ADVA Optical Network,2014,4,"4,400,000.00"
ADVA Optical Network,2015,1,"4,300,000.00"
ADVA Optical Network,2015,2,"5,100,000.00"
ADVA Optical Network,2015,3,"8,600,000.00"
ADVA Optical Network,2015,4,"8,800,000.00"
ADVA Optical Network,2016,1,"-5,200,000.00"
ADVA Optical Network,2016,2,"9,800,000.00"
ADVA Optical Network,2016,3,"3,300,000.00"
ADVA Optical Network,2016,4,"13,600,000.00"
ADVA Optical Network,2017,1,"6,200,000.00"
ADVA Optical Network,2017,2,"4,500,000.00"
ADVA Optical Network,2017,3,"-14,000,000.00"
ADVA Optical Network,2017,4,"-900,000.00"
Aixtron,2012,1,"-12,300,000.00"
Aixtron,2012,2,"-11,600,000.00"
Aixtron,2012,3,"-78,300,000.00"
Aixtron,2012,4,"-43,200,000.00"
Aixtron,2013,1,"-76,000,000.00"
Aixtron,2013,2,"-11,800,000.00"
Aixtron,2013,3,"1,600,000.00"
Aixtron,2013,4,"-14,800,000.00"
Aixtron,2014,1,"-11,800,000.00"
Aixtron,2014,2,"-11,600,000.00"
Aixtron,2014,3,"-20,000,000.00"
Aixtron,2014,4,"-19,100,000.00"
Aixtron,2015,1,"-9,500,000.00"
Aixtron,2015,2,"-18,100,000.00"
Aixtron,2015,3,"200,000.00"
Aixtron,2015,4,"-1,800,000.00"
Aixtron,2016,1,"-15,500,000.00"
Aixtron,2016,2,"-11,100,000.00"
Aixtron,2016,3,"-4,200,000.00"
Aixtron,2016,4,"6,800,000.00"
Aixtron,2017,1,"-13,500,000.00"
Aixtron,2017,2,"-11,400,000.00"
Aixtron,2017,3,"4,300,000.00"
Aixtron,2017,4,"27,100,000.00"
Bechtle,2012,1,"12,300,000.00"
Bechtle,2012,2,"10,800,000.00"
Bechtle,2012,3,"13,200,000.00"
Bechtle,2012,4,"20,300,000.00"
Bechtle,2013,1,"10,100,000.00"
Bechtle,2013,2,"10,400,000.00"
Bechtle,2013,3,"17,600,000.00"
Bechtle,2013,4,"25,300,000.00"
Bechtle,2014,1,"14,800,000.00"
Bechtle,2014,2,"16,400,000.00"
Bechtle,2014,3,"21,100,000.00"
Bechtle,2014,4,"23,900,000.00"
Bechtle,2015,1,"15,700,000.00"
Bechtle,2015,2,"18,700,000.00"
Bechtle,2015,3,"23,600,000.00"
Bechtle,2015,4,"34,900,000.00"
Bechtle,2016,1,"19,100,000.00"
Bechtle,2016,2,"22,700,000.00"
Bechtle,2016,3,"25,800,000.00"
Bechtle,2016,4,"35,800,000.00"
Bechtle,2017,1,"22,100,000.00"
Bechtle,2017,2,"25,400,000.00"
Bechtle,2017,3,"29,600,000.00"
Bechtle,2017,4,"37,500,000.00"
Cancom,2012,1,"2,100,000.00"
Cancom,2012,2,"2,900,000.00"
Cancom,2012,3,"3,200,000.00"
Cancom,2012,4,"3,300,000.00"
Cancom,2013,1,"3,200,000.00"
Cancom,2013,2,"3,600,000.00"
Cancom,2013,3,"3,900,000.00"
Cancom,2013,4,"3,800,000.00"
Cancom,2014,1,"3,100,000.00"
Cancom,2014,2,"3,300,000.00"
Cancom,2014,3,"5,200,000.00"
Cancom,2014,4,"1,100,000.00"
Cancom,2015,1,"3,100,000.00"
Cancom,2015,2,"1,800,000.00"
Cancom,2015,3,"3,700,000.00"
Cancom,2015,4,"13,800,000.00"
Cancom,2016,1,"6,600,000.00"
Cancom,2016,2,"7,300,000.00"
Cancom,2016,3,"8,900,000.00"
Cancom,2016,4,"10,600,000.00"
Cancom,2017,1,"7,500,000.00"
Cancom,2017,2,"9,000,000.00"
Cancom,2017,3,"8,100,000.00"
Cancom,2017,4,"15,200,000.00"
Carl Zeiss Meditec,2012,1,"16,900,000.00"
Carl Zeiss Meditec,2012,2,"22,400,000.00"
Carl Zeiss Meditec,2012,3,"13,500,000.00"
Carl Zeiss Meditec,2012,4,"19,100,000.00"
Carl Zeiss Meditec,2013,1,"23,400,000.00"
Carl Zeiss Meditec,2013,2,"18,900,000.00"
Carl Zeiss Meditec,2013,3,"23,900,000.00"
Carl Zeiss Meditec,2013,4,"27,300,000.00"
Carl Zeiss Meditec,2014,1,"20,100,000.00"
Carl Zeiss Meditec,2014,2,"19,400,000.00"
Carl Zeiss Meditec,2014,3,"18,000,000.00"
Carl Zeiss Meditec,2014,4,"17,500,000.00"
Carl Zeiss Meditec,2015,1,"18,300,000.00"
Carl Zeiss Meditec,2015,2,"11,700,000.00"
Carl Zeiss Meditec,2015,3,"22,200,000.00"
Carl Zeiss Meditec,2015,4,"10,100,000.00"
Carl Zeiss Meditec,2016,1,"16,700,000.00"
Carl Zeiss Meditec,2016,2,"31,300,000.00"
Carl Zeiss Meditec,2016,3,"19,800,000.00"
Carl Zeiss Meditec,2016,4,"30,500,000.00"
Carl Zeiss Meditec,2017,1,"30,900,000.00"
Carl Zeiss Meditec,2017,2,"30,800,000.00"
Carl Zeiss Meditec,2017,3,"30,800,000.00"
Carl Zeiss Meditec,2017,4,"41,900,000.00"
CompuGroup Medical,2012,1,"8,100,000.00"
CompuGroup Medical,2012,2,"12,800,000.00"
CompuGroup Medical,2012,3,"5,600,000.00"
CompuGroup Medical,2012,4,"4,200,000.00"
CompuGroup Medical,2013,1,"10,300,000.00"
CompuGroup Medical,2013,2,"1,300,000.00"
CompuGroup Medical,2013,3,"5,700,000.00"
CompuGroup Medical,2013,4,"5,800,000.00"
CompuGroup Medical,2014,1,"4,700,000.00"
CompuGroup Medical,2014,2,"1,900,000.00"
CompuGroup Medical,2014,3,"15,600,000.00"
CompuGroup Medical,2014,4,"4,100,000.00"
CompuGroup Medical,2015,1,"20,900,000.00"
CompuGroup Medical,2015,2,"-16,800,000.00"
CompuGroup Medical,2015,3,"25,900,000.00"
CompuGroup Medical,2015,4,"8,500,000.00"
CompuGroup Medical,2016,1,"9,800,000.00"
CompuGroup Medical,2016,2,"2,800,000.00"
CompuGroup Medical,2016,3,"19,400,000.00"
CompuGroup Medical,2016,4,"12,500,000.00"
CompuGroup Medical,2017,1,"12,500,000.00"
CompuGroup Medical,2017,2,"11,600,000.00"
CompuGroup Medical,2017,3,"4,200,000.00"
CompuGroup Medical,2017,4,"3,000,000.00"
Dialog Semiconductor,2012,1,"9,100,000.00"
Dialog Semiconductor,2012,2,"8,500,000.00"
Dialog Semiconductor,2012,3,"12,100,000.00"
Dialog Semiconductor,2012,4,"32,800,000.00"
Dialog Semiconductor,2013,1,"9,900,000.00"
Dialog Semiconductor,2013,2,"2,100,000.00"
Dialog Semiconductor,2013,3,"3,600,000.00"
Dialog Semiconductor,2013,4,"46,600,000.00"
Dialog Semiconductor,2014,1,"14,100,000.00"
Dialog Semiconductor,2014,2,"9,000,000.00"
Dialog Semiconductor,2014,3,"26,600,000.00"
Dialog Semiconductor,2014,4,"88,400,000.00"
Dialog Semiconductor,2015,1,"38,800,000.00"
Dialog Semiconductor,2015,2,"43,000,000.00"
Dialog Semiconductor,2015,3,"43,600,000.00"
Dialog Semiconductor,2015,4,"53,400,000.00"
Dialog Semiconductor,2016,1,"142,900,000.00"
Dialog Semiconductor,2016,2,"16,800,000.00"
Dialog Semiconductor,2016,3,"47,000,000.00"
Dialog Semiconductor,2016,4,"54,200,000.00"
Dialog Semiconductor,2017,1,"23,100,000.00"
Dialog Semiconductor,2017,2,"17,700,000.00"
Dialog Semiconductor,2017,3,"47,900,000.00"
Dialog Semiconductor,2017,4,"85,200,000.00"
Draegerwerk Vz,2012,1,"24,100,000.00"
Draegerwerk Vz,2012,2,"26,000,000.00"
Draegerwerk Vz,2012,3,"23,900,000.00"
Draegerwerk Vz,2012,4,"52,400,000.00"
Draegerwerk Vz,2013,1,"21,100,000.00"
Draegerwerk Vz,2013,2,"22,400,000.00"
Draegerwerk Vz,2013,3,"16,400,000.00"
Draegerwerk Vz,2013,4,"54,700,000.00"
Draegerwerk Vz,2014,1,"7,900,000.00"
Draegerwerk Vz,2014,2,"5,700,000.00"
Draegerwerk Vz,2014,3,"25,800,000.00"
Draegerwerk Vz,2014,4,"57,200,000.00"
Draegerwerk Vz,2015,1,"-3,200,000.00"
Draegerwerk Vz,2015,2,"10,300,000.00"
Draegerwerk Vz,2015,3,"-17,800,000.00"
Draegerwerk Vz,2015,4,"43,400,000.00"
Draegerwerk Vz,2016,1,"-13,600,000.00"
Draegerwerk Vz,2016,2,"12,300,000.00"
Draegerwerk Vz,2016,3,"13,300,000.00"
Draegerwerk Vz,2016,4,"48,900,000.00"
Draegerwerk Vz,2017,1,"-900,000.00"
Draegerwerk Vz,2017,2,"8,900,000.00"
Draegerwerk Vz,2017,3,"10,200,000.00"
Draegerwerk Vz,2017,4,"80,300,000.00"
Evotec,2012,1,"-2,000,000.00"
Evotec,2012,2,"3,700,000.00"
Evotec,2012,3,"5,900,000.00"
Evotec,2012,4,"-5,100,000.00"
Evotec,2013,1,"-2,900,000.00"
Evotec,2013,2,"-1,700,000.00"
Evotec,2013,3,"-300,000.00"
Evotec,2013,4,"-20,500,000.00"
Evotec,2014,1,"-4,000,000.00"
Evotec,2014,2,"-400,000.00"
Evotec,2014,3,"-3,600,000.00"
Evotec,2014,4,"1,000,000.00"
Evotec,2015,1,"-1,100,000.00"
Evotec,2015,2,"14,600,000.00"
Evotec,2015,3,"-2,900,000.00"
Evotec,2015,4,"5,900,000.00"
Evotec,2016,1,"-1,200,000.00"
Evotec,2016,2,"3,900,000.00"
Evotec,2016,3,"8,800,000.00"
Evotec,2016,4,"16,000,000.00"
Evotec,2017,1,"7,100,000.00"
Evotec,2017,2,"3,200,000.00"
Evotec,2017,3,"2,900,000.00"
Evotec,2017,4,"11,100,000.00"
freenet,2012,1,"40,600,000.00"
freenet,2012,2,"41,600,000.00"
freenet,2012,3,"49,000,000.00"
freenet,2012,4,"41,900,000.00"
freenet,2013,1,"60,200,000.00"
freenet,2013,2,"55,100,000.00"
freenet,2013,3,"63,700,000.00"
freenet,2013,4,"59,900,000.00"
freenet,2014,1,"57,300,000.00"
freenet,2014,2,"56,600,000.00"
freenet,2014,3,"66,300,000.00"
freenet,2014,4,"67,300,000.00"
freenet,2015,1,"56,000,000.00"
freenet,2015,2,"54,900,000.00"
freenet,2015,3,"61,900,000.00"
freenet,2015,4,"48,200,000.00"
freenet,2016,1,"52,000,000.00"
freenet,2016,2,"51,900,000.00"
freenet,2016,3,"59,600,000.00"
freenet,2016,4,"64,900,000.00"
freenet,2017,1,"45,200,000.00"
freenet,2017,2,"52,600,000.00"
freenet,2017,3,"159,700,000.00"
freenet,2017,4,"29,200,000.00"
GFT Technologies,2012,1,"600,000.00"
GFT Technologies,2012,2,"1,700,000.00"
GFT Technologies,2012,3,"2,700,000.00"
GFT Technologies,2012,4,"3,300,000.00"
GFT Technologies,2013,1,"1,100,000.00"
GFT Technologies,2013,2,"3,200,000.00"
GFT Technologies,2013,3,"4,000,000.00"
GFT Technologies,2013,4,"5,300,000.00"
GFT Technologies,2014,1,"3,200,000.00"
GFT Technologies,2014,2,"4,100,000.00"
GFT Technologies,2014,3,"6,500,000.00"
GFT Technologies,2014,4,"6,200,000.00"
GFT Technologies,2015,1,"4,800,000.00"
GFT Technologies,2015,2,"3,700,000.00"
GFT Technologies,2015,3,"5,800,000.00"
GFT Technologies,2015,4,"11,000,000.00"
GFT Technologies,2016,1,"5,600,000.00"
GFT Technologies,2016,2,"6,600,000.00"
GFT Technologies,2016,3,"5,900,000.00"
GFT Technologies,2016,4,"6,100,000.00"
GFT Technologies,2017,1,"5,000,000.00"
GFT Technologies,2017,2,"3,100,000.00"
GFT Technologies,2017,3,"6,100,000.00"
GFT Technologies,2017,4,"3,600,000.00"
Jenoptik,2012,1,"8,000,000.00"
Jenoptik,2012,2,"10,700,000.00"
Jenoptik,2012,3,"11,300,000.00"
Jenoptik,2012,4,"20,200,000.00"
Jenoptik,2013,1,"8,400,000.00"
Jenoptik,2013,2,"9,100,000.00"
Jenoptik,2013,3,"11,600,000.00"
Jenoptik,2013,4,"18,100,000.00"
Jenoptik,2014,1,"7,700,000.00"
Jenoptik,2014,2,"10,200,000.00"
Jenoptik,2014,3,"10,300,000.00"
Jenoptik,2014,4,"13,500,000.00"
Jenoptik,2015,1,"8,100,000.00"
Jenoptik,2015,2,"11,800,000.00"
Jenoptik,2015,3,"14,000,000.00"
Jenoptik,2015,4,"15,700,000.00"
Jenoptik,2016,1,"6,500,000.00"
Jenoptik,2016,2,"15,700,000.00"
Jenoptik,2016,3,"17,000,000.00"
Jenoptik,2016,4,"18,200,000.00"
Jenoptik,2017,1,"8,300,000.00"
Jenoptik,2017,2,"14,400,000.00"
Jenoptik,2017,3,"21,600,000.00"
Jenoptik,2017,4,"28,200,000.00"
MorphoSys,2012,1,"-500,000.00"
MorphoSys,2012,2,"-400,000.00"
MorphoSys,2012,3,"-200,000.00"
MorphoSys,2012,4,"3,000,000.00"
MorphoSys,2013,1,"7,900,000.00"
MorphoSys,2013,2,"11,100,000.00"
MorphoSys,2013,3,"-2,100,000.00"
MorphoSys,2013,4,"-3,700,000.00"
MorphoSys,2014,1,"1,100,000.00"
MorphoSys,2014,2,"-500,000.00"
MorphoSys,2014,3,"-2,600,000.00"
MorphoSys,2014,4,"-1,000,000.00"
MorphoSys,2015,1,"40,900,000.00"
MorphoSys,2015,2,"-4,300,000.00"
MorphoSys,2015,3,"-8,300,000.00"
MorphoSys,2015,4,"-13,400,000.00"
MorphoSys,2016,1,"-7,200,000.00"
MorphoSys,2016,2,"-11,600,000.00"
MorphoSys,2016,3,"-12,800,000.00"
MorphoSys,2016,4,"-28,800,000.00"
MorphoSys,2017,1,"-15,000,000.00"
MorphoSys,2017,2,"-16,100,000.00"
MorphoSys,2017,3,"-24,000,000.00"
MorphoSys,2017,4,"-14,700,000.00"
Nemetschek,2012,1,"4,300,000.00"
Nemetschek,2012,2,"3,900,000.00"
Nemetschek,2012,3,"4,700,000.00"
Nemetschek,2012,4,"6,000,000.00"
Nemetschek,2013,1,"5,300,000.00"
Nemetschek,2013,2,"4,700,000.00"
Nemetschek,2013,3,"6,100,000.00"
Nemetschek,2013,4,"7,900,000.00"
Nemetschek,2014,1,"7,500,000.00"
Nemetschek,2014,2,"6,900,000.00"
Nemetschek,2014,3,"7,900,000.00"
Nemetschek,2014,4,"9,200,000.00"
Nemetschek,2015,1,"8,400,000.00"
Nemetschek,2015,2,"7,100,000.00"
Nemetschek,2015,3,"8,700,000.00"
Nemetschek,2015,4,"11,700,000.00"
Nemetschek,2016,1,"11,000,000.00"
Nemetschek,2016,2,"13,100,000.00"
Nemetschek,2016,3,"12,100,000.00"
Nemetschek,2016,4,"10,700,000.00"
Nemetschek,2017,1,"14,200,000.00"
Nemetschek,2017,2,"13,500,000.00"
Nemetschek,2017,3,"15,100,000.00"
Nemetschek,2017,4,"31,900,000.00"
Nordex,2012,1,"-13,800,000.00"
Nordex,2012,2,"-9,100,000.00"
Nordex,2012,3,"7,800,000.00"
Nordex,2012,4,"-78,800,000.00"
Nordex,2013,1,"-8,300,000.00"
Nordex,2013,2,"9,600,000.00"
Nordex,2013,3,"4,000,000.00"
Nordex,2013,4,"4,900,000.00"
Nordex,2014,1,"9,100,000.00"
Nordex,2014,2,"7,400,000.00"
Nordex,2014,3,"11,500,000.00"
Nordex,2014,4,"11,000,000.00"
Nordex,2015,1,"14,800,000.00"
Nordex,2015,2,"22,100,000.00"
Nordex,2015,3,"8,500,000.00"
Nordex,2015,4,"6,900,000.00"
Nordex,2016,1,"25,500,000.00"
Nordex,2016,2,"25,500,000.00"
Nordex,2016,3,"13,400,000.00"
Nordex,2016,4,"31,000,000.00"
Nordex,2017,1,"7,100,000.00"
Nordex,2017,2,"15,600,000.00"
Nordex,2017,3,"5,300,000.00"
Nordex,2017,4,"-27,700,000.00"
Pfeiffer Vacuum,2012,1,"13,400,000.00"
Pfeiffer Vacuum,2012,2,"10,500,000.00"
Pfeiffer Vacuum,2012,3,"11,300,000.00"
Pfeiffer Vacuum,2012,4,"10,100,000.00"
Pfeiffer Vacuum,2013,1,"7,500,000.00"
Pfeiffer Vacuum,2013,2,"6,900,000.00"
Pfeiffer Vacuum,2013,3,"10,000,000.00"
Pfeiffer Vacuum,2013,4,"10,400,000.00"
Pfeiffer Vacuum,2014,1,"6,900,000.00"
Pfeiffer Vacuum,2014,2,"7,100,000.00"
Pfeiffer Vacuum,2014,3,"7,400,000.00"
Pfeiffer Vacuum,2014,4,"11,000,000.00"
Pfeiffer Vacuum,2015,1,"11,400,000.00"
Pfeiffer Vacuum,2015,2,"9,700,000.00"
Pfeiffer Vacuum,2015,3,"10,600,000.00"
Pfeiffer Vacuum,2015,4,"10,200,000.00"
Pfeiffer Vacuum,2016,1,"9,000,000.00"
Pfeiffer Vacuum,2016,2,"9,700,000.00"
Pfeiffer Vacuum,2016,3,"10,500,000.00"
Pfeiffer Vacuum,2016,4,"17,800,000.00"
Pfeiffer Vacuum,2017,1,"14,800,000.00"
Pfeiffer Vacuum,2017,2,"10,000,000.00"
Pfeiffer Vacuum,2017,3,"17,300,000.00"
Pfeiffer Vacuum,2017,4,"11,700,000.00"
Qiagen,2012,1,"28,600,000.00"
Qiagen,2012,2,"33,300,000.00"
Qiagen,2012,3,"29,200,000.00"
Qiagen,2012,4,"38,400,000.00"
Qiagen,2013,1,"20,000,000.00"
Qiagen,2013,2,"-51,800,000.00"
Qiagen,2013,3,"40,700,000.00"
Qiagen,2013,4,"60,200,000.00"
Qiagen,2014,1,"23,300,000.00"
Qiagen,2014,2,"32,800,000.00"
Qiagen,2014,3,"34,700,000.00"
Qiagen,2014,4,"25,800,000.00"
Qiagen,2015,1,"19,500,000.00"
Qiagen,2015,2,"25,100,000.00"
Qiagen,2015,3,"33,900,000.00"
Qiagen,2015,4,"48,600,000.00"
Qiagen,2016,1,"14,900,000.00"
Qiagen,2016,2,"21,000,000.00"
Qiagen,2016,3,"33,800,000.00"
Qiagen,2016,4,"10,700,000.00"
Qiagen,2017,1,"17,700,000.00"
Qiagen,2017,2,"14,000,000.00"
Qiagen,2017,3,"48,500,000.00"
Qiagen,2017,4,"-39,800,000.00"
RIB Software,2012,1,"2,700,000.00"
RIB Software,2012,2,"2,200,000.00"
RIB Software,2012,3,"1,200,000.00"
RIB Software,2012,4,"2,700,000.00"
RIB Software,2013,1,"2,300,000.00"
RIB Software,2013,2,"1,000,000.00"
RIB Software,2013,3,"2,800,000.00"
RIB Software,2013,4,"2,900,000.00"
RIB Software,2014,1,"1,500,000.00"
RIB Software,2014,2,"3,500,000.00"
RIB Software,2014,3,"8,400,000.00"
RIB Software,2014,4,"7,400,000.00"
RIB Software,2015,1,"2,800,000.00"
RIB Software,2015,2,"2,000,000.00"
RIB Software,2015,3,"1,500,000.00"
RIB Software,2015,4,"4,200,000.00"
RIB Software,2016,1,"1,200,000.00"
RIB Software,2016,2,"3,500,000.00"
RIB Software,2016,3,"1,100,000.00"
RIB Software,2016,4,"8,800,000.00"
RIB Software,2017,1,"7,900,000.00"
RIB Software,2017,2,"4,300,000.00"
RIB Software,2017,3,"4,000,000.00"
RIB Software,2017,4,"2,200,000.00"
S&T,2012,1,"2,900,000.00"
S&T,2012,2,"700,000.00"
S&T,2012,3,"1,000,000.00"
S&T,2012,4,"3,100,000.00"
S&T,2013,1,"1,940,000.00"
S&T,2013,2,"2,060,000.00"
S&T,2013,3,"2,100,000.00"
S&T,2013,4,"5,600,000.00"
S&T,2014,1,"2,400,000.00"
S&T,2014,2,"2,500,000.00"
S&T,2014,3,"2,100,000.00"
S&T,2014,4,"6,000,000.00"
S&T,2015,1,"2,600,000.00"
S&T,2015,2,"2,800,000.00"
S&T,2015,3,"2,500,000.00"
S&T,2015,4,"7,900,000.00"
S&T,2016,1,"2,500,000.00"
S&T,2016,2,"3,300,000.00"
S&T,2016,3,"4,000,000.00"
S&T,2016,4,"4,800,000.00"
S&T,2017,1,"2,400,000.00"
S&T,2017,2,"2,400,000.00"
S&T,2017,3,"7,100,000.00"
S&T,2017,4,"10,600,000.00"
Sartorius Vz,2012,1,"12,000,000.00"
Sartorius Vz,2012,2,"10,300,000.00"
Sartorius Vz,2012,3,"14,900,000.00"
Sartorius Vz,2012,4,"11,300,000.00"
Sartorius Vz,2013,1,"12,800,000.00"
Sartorius Vz,2013,2,"14,300,000.00"
Sartorius Vz,2013,3,"12,300,000.00"
Sartorius Vz,2013,4,"13,000,000.00"
Sartorius Vz,2014,1,"11,000,000.00"
Sartorius Vz,2014,2,"11,400,000.00"
Sartorius Vz,2014,3,"14,600,000.00"
Sartorius Vz,2014,4,"11,500,000.00"
Sartorius Vz,2015,1,"49,800,000.00"
Sartorius Vz,2015,2,"27,200,000.00"
Sartorius Vz,2015,3,"29,600,000.00"
Sartorius Vz,2015,4,"19,700,000.00"
Sartorius Vz,2016,1,"24,300,000.00"
Sartorius Vz,2016,2,"29,100,000.00"
Sartorius Vz,2016,3,"26,900,000.00"
Sartorius Vz,2016,4,"22,600,000.00"
Sartorius Vz,2017,1,"26,600,000.00"
Sartorius Vz,2017,2,"25,200,000.00"
Sartorius Vz,2017,3,"22,800,000.00"
Sartorius Vz,2017,4,"40,100,000.00"
SMA Solar Technology,2012,1,"29,600,000.00"
SMA Solar Technology,2012,2,"29,900,000.00"
SMA Solar Technology,2012,3,"21,500,000.00"
SMA Solar Technology,2012,4,"-5,900,000.00"
SMA Solar Technology,2013,1,"-5,600,000.00"
SMA Solar Technology,2013,2,"-10,400,000.00"
SMA Solar Technology,2013,3,"-4,700,000.00"
SMA Solar Technology,2013,4,"-45,900,000.00"
SMA Solar Technology,2014,1,"-16,700,000.00"
SMA Solar Technology,2014,2,"-28,200,000.00"
SMA Solar Technology,2014,3,"-9,200,000.00"
SMA Solar Technology,2014,4,"-124,900,000.00"
SMA Solar Technology,2015,1,"-7,900,000.00"
SMA Solar Technology,2015,2,"-13,500,000.00"
SMA Solar Technology,2015,3,"7,700,000.00"
SMA Solar Technology,2015,4,"28,000,000.00"
SMA Solar Technology,2016,1,"18,800,000.00"
SMA Solar Technology,2016,2,"700,000.00"
SMA Solar Technology,2016,3,"17,500,000.00"
SMA Solar Technology,2016,4,"-7,400,000.00"
SMA Solar Technology,2017,1,"6,000,000.00"
SMA Solar Technology,2017,2,"2,800,000.00"
SMA Solar Technology,2017,3,"16,200,000.00"
SMA Solar Technology,2017,4,"5,100,000.00"
Software,2012,1,"35,800,000.00"
Software,2012,2,"37,400,000.00"
Software,2012,3,"40,700,000.00"
Software,2012,4,"50,600,000.00"
Software,2013,1,"27,200,000.00"
Software,2013,2,"28,800,000.00"
Software,2013,3,"31,000,000.00"
Software,2013,4,"46,800,000.00"
Software,2014,1,"18,600,000.00"
Software,2014,2,"14,100,000.00"
Software,2014,3,"30,400,000.00"
Software,2014,4,"47,300,000.00"
Software,2015,1,"18,700,000.00"
Software,2015,2,"19,900,000.00"
Software,2015,3,"44,700,000.00"
Software,2015,4,"56,100,000.00"
Software,2016,1,"29,400,000.00"
Software,2016,2,"28,100,000.00"
Software,2016,3,"32,400,000.00"
Software,2016,4,"50,300,000.00"
Software,2017,1,"27,300,000.00"
Software,2017,2,"31,200,000.00"
Software,2017,3,"33,700,000.00"
Software,2017,4,"48,100,000.00"
United Internet,2012,1,"28,800,000.00"
United Internet,2012,2,"-13,700,000.00"
United Internet,2012,3,"44,500,000.00"
United Internet,2012,4,"48,200,000.00"
United Internet,2013,1,"44,300,000.00"
United Internet,2013,2,"38,400,000.00"
United Internet,2013,3,"50,600,000.00"
United Internet,2013,4,"73,100,000.00"
United Internet,2014,1,"59,900,000.00"
United Internet,2014,2,"67,900,000.00"
United Internet,2014,3,"152,100,000.00"
United Internet,2014,4,"167,200,000.00"
United Internet,2015,1,"78,600,000.00"
United Internet,2015,2,"95,600,000.00"
United Internet,2015,3,"99,800,000.00"
United Internet,2015,4,"92,400,000.00"
United Internet,2016,1,"-55,600,000.00"
United Internet,2016,2,"4,500,000.00"
United Internet,2016,3,"120,600,000.00"
United Internet,2016,4,"109,500,000.00"
United Internet,2017,1,"92,700,000.00"
United Internet,2017,2,"82,500,000.00"
United Internet,2017,3,"413,200,000.00"
United Internet,2017,4,"62,000,000.00"
Wirecard,2012,1,"15,300,000.00"
Wirecard,2012,2,"17,200,000.00"
Wirecard,2012,3,"20,500,000.00"
Wirecard,2012,4,"20,300,000.00"
Wirecard,2013,1,"16,500,000.00"
Wirecard,2013,2,"19,000,000.00"
Wirecard,2013,3,"21,200,000.00"
Wirecard,2013,4,"26,000,000.00"
Wirecard,2014,1,"21,100,000.00"
Wirecard,2014,2,"23,700,000.00"
Wirecard,2014,3,"29,300,000.00"
Wirecard,2014,4,"33,800,000.00"
Wirecard,2015,1,"28,600,000.00"
Wirecard,2015,2,"32,400,000.00"
Wirecard,2015,3,"37,300,000.00"
Wirecard,2015,4,"44,300,000.00"
Wirecard,2016,1,"36,600,000.00"
Wirecard,2016,2,"130,200,000.00"
Wirecard,2016,3,"49,400,000.00"
Wirecard,2016,4,"50,500,000.00"
Wirecard,2017,1,"48,500,000.00"
Wirecard,2017,2,"56,000,000.00"
Wirecard,2017,3,"64,000,000.00"
Wirecard,2017,4,"91,200,000.00"
Xing,2012,1,"2,000,000.00"
Xing,2012,2,"2,100,000.00"
Xing,2012,3,"2,200,000.00"
Xing,2012,4,"1,400,000.00"
Xing,2013,1,"2,000,000.00"
Xing,2013,2,"2,700,000.00"
Xing,2013,3,"2,700,000.00"
Xing,2013,4,"1,700,000.00"
Xing,2014,1,"1,000,000.00"
Xing,2014,2,"2,800,000.00"
Xing,2014,3,"4,700,000.00"
Xing,2014,4,"-2,300,000.00"
Xing,2015,1,"4,100,000.00"
Xing,2015,2,"4,700,000.00"
Xing,2015,3,"4,600,000.00"
Xing,2015,4,"4,200,000.00"
Xing,2016,1,"5,300,000.00"
Xing,2016,2,"6,400,000.00"
Xing,2016,3,"6,400,000.00"
Xing,2016,4,"5,500,000.00"
Xing,2017,1,"5,100,000.00"
Xing,2017,2,"8,000,000.00"
Xing,2017,3,"8,000,000.00"
Xing,2017,4,"4,800,000.00"
